count	axis	en	ja_current	via	mt_ja	alts	candidates	flags
100	general	sash	サッシュ	wiki_verified	帯	飾帶	サッシュ(wiki)|帯(mt)	
100	general	loafers	ローファー	mt_verified	ローファー		ローファー(wiki)	
100	general	white flower	白い花	mt_verified	白い花		白い花(tagpair)	
99	general	partially submerged	半分水に浸かっている	mt_unverified	半分水に浸かっている		半分水に浸かっている(mt)|浅瀬にいる(tagpair)|腰まで水に浸かる(tagpair)	sentence-like;mt_unverified
99	general	red skirt	赤いスカート	mt_verified	赤いスカート		赤いスカート(wiki)	
99	general	reverse suspended congress	議会停止逆転	mt_unverified	議会停止逆転	駅弁|逆駅弁|背面駅弁	逆駅弁(wiki)|アナル固め(wiki)|議会停止逆転(mt)|駅弁(wiki)	han-outside-inventory;mt_unverified
98	general	muscular	筋肉質	mt_verified	筋肉質	蹴られたくない剛脚|筋肉|筋肉質	筋肉質(tagpair)|玉つき筋肉ショタ(wiki)|蹴られたくない剛脚(wiki)|筋肉(wiki)	han-outside-inventory
98	general	hair over shoulder	肩にかけた髪	tagpair_verified	肩までの髪		肩にかけた髪(tagpair)|肩にかかる髪(tagpair)|肩までの髪(mt)	
98	general	projectile cum	飛び散る精液	mt_unverified	飛び散る精液	射精中	飛び散る精液(mt)|精液流(wiki)|射精中(wiki)	mt_unverified
97	general	white apron	白いエプロン	mt_verified	白いエプロン		白いエプロン(tagpair)|白いエプロンドレス(tagpair)	
97	general	erection under clothes	服の下の勃起	mt_verified	服の下の勃起	ふたなりテント	服の下の勃起(mt)|テントを張る(wiki)|ふたなりテント(wiki)|もっこり(tagpair)	
97	general	bound wrists	縛られた手首	mt_verified	縛られた手首	手枷	縛られた手首(mt)|手かせ(wiki)|手枷(wiki)	
97	general	eyes visible through hair	髪越しに見える目	tagpair_verified	髪の間から見える目		髪越しに見える目(tagpair)|髪の間から見える目(mt)|髪越しの目(tagpair)	
97	general	armlet	腕輪	mt_unverified	腕輪		アームレット(wiki)|腕輪(mt)	mt_unverified
97	general	makeup	メイク	mt_verified	メイク	化粧	メイク(wiki)|化粧(wiki)	
96	general	squatting cowgirl position	スクワットカウガールポーズ	mt_unverified	スクワットカウガールポーズ	M字騎乗位	スパイダー騎乗位(wiki)|スクワットカウガールポーズ(mt)|M字騎乗位(wiki)	sentence-like;mt_unverified
96	general	purple nails	紫の爪	tagpair_verified	紫色のネイル		紫の爪(tagpair)|紫のネイル(tagpair)|紫色のネイル(mt)|紫色指甲(wiki)	
96	general	plant	植物	mt_verified	植物	植物姦	植物(wiki)|植物姦(wiki)	
96	general	frilled bikini	フリル付きビキニ	mt_unverified	フリル付きビキニ	フレアビキニ	フリルビキニ(wiki)|フレアビキニ(wiki)|フリル付きビキニ(mt)	mt_unverified
95	general	headphones	ヘッドホン	wiki_verified	ヘッドフォン	ヘッドフォン|ヘッドホン娘|ヘッドホン男子	ヘッドホン(wiki)|ヘッドフォン(wiki)|ヘッドホン娘(wiki)	
95	general	on chair	椅子の上	wiki_verified	椅子に座る	椅子	椅子の上(wiki)|椅子(wiki)|椅子に座る(mt)	
95	general	short dress	ショートドレス	mt_verified	ショートドレス	ミニチャイナ|ショートドレス	ショートドレス(wiki)|ミニドレス(wiki)|ミニチャイナ(wiki)	
95	general	upskirt	スカートの中	mt_unverified	スカートの中		逆さ撮り(wiki)|スカートの中(mt)	mt_unverified
95	general	signature	シグネチャー	mt_verified	シグネチャー	サイン入り	シグネチャー(mt)|サイン(wiki)|サイン入り(wiki)	
95	general	strapless leotard	肩紐なしのレオタード	tagpair_verified	ストラップレスのレオタード		肩紐なしのレオタード(tagpair)|ストラップレスレオタード(tagpair)|ストラップレスのレオタード(mt)	
95	general	cum on clothes	服に精液をかける	mt_unverified	服に精液をかける	着衣|衣服上的精液	衣服上的精液(wiki)|服に精液をかける(mt)|着衣ぶっかけ(wiki)|着衣(wiki)	mt_unverified
95	general	white hairband	白のヘアバンド	tagpair_verified	白い髪帯		白のヘアバンド(tagpair)|白いヘアバンド(tagpair)|白い髪帯(mt)	
94	character	kisaki (blue archive)	竜華キサキ	wikidata		キサキ|黒い君主|キサキ(ブルーアーカイブ)|妃咲		
94	general	black one-piece swimsuit	黒のワンピース水着	tagpair_verified	黒いワンピース水着		黒のワンピース水着(tagpair)|黒のワンピーススイムウェア(tagpair)|黒いワンピース水着(mt)	
94	general	knee up	膝を上げる	mt_unverified	膝を上げる		膝を上げる(mt)	mt_unverified
94	general	competition swimsuit	水着競技用	mt_verified	水着競技用	競水艦娘	水着競技用(mt)|競泳水着(wiki)|競水艦娘(wiki)	han-outside-inventory
94	general	hoodie	フーディー	mt_verified	フーディー	制服パーカー|動物パーカー|アニマルパーカー	フーディー(mt)|制服パーカー(wiki)|パーカー(wiki)|動物パーカー(wiki)	
94	general	twitching	ピクつく	mt_unverified	ピクつく		ピクつく(mt)	mt_unverified
93	general	id card	身分証明書	mt_verified	身分証明書	身分証|社員証|職員証	身分証明書(mt)|身分証(wiki)|学生証(wiki)	
93	general	fake horns	偽の角	mt_verified	偽の角		偽の角(tagpair)|フェイク角(tagpair)	
93	general	messy hair	乱れた髪	mt_unverified	乱れた髪	ボサ髪|寝ぐせ|ボサボサ|モジャモジャ	ボサボサ(tagpair)|くせ毛(wiki)|乱れた髪(mt)|ボサ髪(wiki)|寝ぐせ(wiki)	mt_unverified
93	general	arm behind head	頭の後ろで腕を組む	mt_unverified	頭の後ろで腕を組む		腕を頭の後ろに組む(tagpair)|頭の後ろで腕を組む(mt)|腕を頭の後ろに(tagpair)	mt_unverified
93	general	grabbing another's arm	他人の腕を掴む	mt_unverified	他人の腕を掴む	腕掴み正常位|腕掴みバック	腕掴み(wiki)|他人の腕を掴む(mt)|腕掴み正常位(wiki)|腕掴みバック(wiki)	mt_unverified
93	general	pet play	ペットプレイ	mt_verified	ペットプレイ	ペットプレイ	ペットプレイ(wiki)|ヒトイヌ(wiki)	
93	copyright	umamusume	ウマ娘	wiki		ウマ娘化|水着ウマ娘|和装ウマ娘|浴衣ウマ娘		
93	general	gym uniform	体操服	wiki_verified	体育服	体操服|体操着|体育着	体操服(wiki)|体操着(wiki)|襟付きジップアップ体操服(wiki)|体育服(mt)	
92	general	fox tail	狐の尾	tagpair_verified	キツネの尾		狐の尾(tagpair)|狐の尾っぽ(tagpair)|キツネの尾(mt)|狐尻尾(wiki)	
92	general	school desk	学校の机	mt_verified	学校の机	生徒用机|机(学校)	学校の机(mt)|学校机(wiki)|机(学校)(wiki)|生徒用机(wiki)|机(tagpair)	
92	general	denim shorts	ショートデニム	wiki_verified	デニムショートパンツ	ショートデニム|ショーツデニム	ショートデニム(wiki)|ショーツデニム(wiki)|デニムショートパンツ(mt)|デニムパンツ(wiki)	
92	general	brown pantyhose	茶色のストッキング	mt_unverified	茶色のストッキング		茶色のパンスト(tagpair)|茶色のストッキング(mt)	mt_unverified
92	general	bathroom	バスルーム	mt_verified	バスルーム		バスルーム(mt)|洗面所(wiki)	
92	character	iino miko	伊井野ミコ	wikidata				
92	general	eyebrows	眉	mt_verified	眉		眉(mt)|眉毛(wiki)	han-outside-inventory
92	copyright	sono bisque doll wa koi wo suru	着せ恋	wiki		その着せ替え人形は恋をする		
92	general	front-tie top	フロントタイトップ	tagpair_verified	前結びのトップス		フロントタイトップ(tagpair)|前結びトップス(tagpair)|前結びのトップス(mt)	
92	general	cum pool	精液プール	mt_unverified	精液プール		精液プール(tagpair)|精液溜まり(tagpair)	mt_unverified
91	general	paw gloves	手袋	mt_unverified	手袋	肉球手袋	手袋(mt)|猫の手グローブ(wiki)|肉球手袋(wiki)	mt_unverified
91	general	black collar	黒い襟	mt_verified	黒い襟		黒い襟(tagpair)|黒襟(tagpair)	
91	general	thighband pantyhose	ニーバンドストッキング	mt_unverified	ニーバンドストッキング		ランガード(wiki)|ニーバンドストッキング(mt)	mt_unverified
91	general	cropped legs	脚を切り取った画像	mt_unverified	脚を切り取った画像		脚を切り取った画像(mt)	mt_unverified
91	general	fangs	牙	mt_unverified	牙	虎牙|八重歯	牙(wiki)|虎牙(wiki)|八重歯(wiki)	mt_unverified
91	general	vaginal object insertion	膣内挿入	tagpair_verified	膣内挿入物		膣内挿入(tagpair)|膣内挿入物(tagpair)	
91	general	patreon username	Patreonのユーザー名	mt_verified	Patreonのユーザー名		Patreonのユーザー名(mt)|パトロン名(tagpair)	sentence-like
90	general	antenna hair	アンテナヘア	mt_verified	アンテナヘア	触角|触角娘	アンテナヘア(mt)|アホ毛(wiki)|触角(wiki)|触角娘(wiki)	
90	general	blouse	ブラウス	mt_verified	ブラウス		ブラウス(wiki)	
90	general	sweater lift	セーター持ち上げ	mt_verified	セーター持ち上げ		セーター持ち上げ(tagpair)|セーター引き上げ(tagpair)	
90	general	crossed legs	脚を組む	mt_unverified	脚を組む	タイツ足組み	タイツ足組み(wiki)|脚を組む(mt)|足組み(wiki)	mt_unverified
90	general	mole under mouth	口元のほくろ	mt_unverified	口元のほくろ		口元のほくろ(mt)|艶ぼくろ(wiki)	mt_unverified
90	general	slit pupils	細長い瞳	mt_unverified	細長い瞳	猫目|猫瞳	猫瞳(wiki)|ネコ目(wiki)|細長い瞳(mt)|猫目(wiki)	mt_unverified
90	general	shark girl	サメ娘	wiki_verified	サメ女の子1人	サメ女|鮫娘|鮫女	サメ娘(wiki)|サメ女の子1人(mt)|鮫娘(wiki)|サメ女(wiki)|マーシャーク(tagpair)	
90	character	frieren	フリーレン	wiki				
89	general	interlocked fingers	指と指を絡め合わせた状態	mt_unverified	指と指を絡め合わせた状態	ラブ握り|手指交叉	指と指を絡め合わせた状態(mt)|手指交叉(wiki)|手と手(wiki)|ラブ握り(wiki)	sentence-like;mt_unverified
89	general	pool	プール	mt_verified	プール	ナイトプール|泳池	プール(wiki)|ナイトプール(wiki)|泳池(wiki)	
89	general	lips	唇	mt_verified	唇		唇(wiki)	han-outside-inventory
89	general	official alternate hairstyle	公式別バージョンの髪型	mt_unverified	公式別バージョンの髪型		セカンドヘアスタイル(wiki)|公式別バージョンの髪型(mt)	mt_unverified
89	general	horse girl	馬娘	mt_verified	馬娘	ウマ娘化|馬娘	馬娘(wiki)|ウマ娘(wiki)|ウマ娘化(wiki)	
88	general	unworn skirt	着用されていないスカート	mt_verified	着用されていないスカート		着用されていないスカート(mt)	sentence-like
88	general	median furrow	額のしわ	mt_unverified	額のしわ		額のしわ(mt)	mt_unverified
88	general	stud earrings	スタッドピアス	tagpair_verified	ピアス		スタッドピアス(tagpair)|スタッドイヤリング(tagpair)|ピアス(mt)	
88	general	red neckerchief	赤いネッカチーフ	tagpair_verified	赤いスカーフ		赤いネッカチーフ(tagpair)|赤い首飾り(tagpair)|赤いスカーフ(mt)	
88	general	pink bikini	ピンクビキニ	wiki_verified	ピンクのビキニ		ピンクビキニ(wiki)|ピンクのビキニ(mt)	
88	copyright	yahari ore no seishun lovecome wa machigatteiru.	はまち	wiki		俺ガイル|やはり俺の青春ラブコメは間違っている|やはり俺の青春ラブコメはまちがっている|やはり俺の青春ラブコメはまちがっている。		
88	copyright	tokidoki bosotto roshia-go de dereru tonari no alya-san	ロシデレ	wiki		時々ボソッとロシア語でデレる隣のアーリャさん		
88	general	inverted nipples	逆向きの乳首	mt_unverified	逆向きの乳首	陥没乳頭	逆向きの乳首(mt)	mt_unverified
88	general	web address	ウェブアドレス	mt_verified	ウェブアドレス		ウェブアドレス(tagpair)|ウェブサイトアドレス(tagpair)	
87	general	backlighting	バックライト	mt_verified	バックライト	背光	バックライト(mt)|逆光(wiki)|背光(wiki)	
87	general	belt collar	ベルトカラー	mt_verified	ベルトカラー		ベルトカラー(tagpair)|ベルト型首輪(tagpair)	
87	general	ear blush	耳の赤み	mt_unverified	耳の赤み		耳が赤くなる(tagpair)|耳の赤み(mt)|耳赤(tagpair)	mt_unverified
87	general	crotch seam	股間の縫い目	mt_unverified	股間の縫い目		センターシーム(wiki)|股間の縫い目(mt)	mt_unverified
87	general	wrist scrunchie	手首用ヘアゴム	mt_unverified	手首用ヘアゴム		手首用ヘアゴム(mt)	mt_unverified
87	general	empty eyes	虚ろ目	wiki_verified	虚ろな目	ベタ目|レイプ目|マグロ目|目が死んでる	虚ろ目(wiki)|虚ろな目(mt)|目が死んでる(tagpair)|ベタ目(wiki)|レイプ目(wiki)	
87	general	horse ears	馬の耳	mt_unverified	馬の耳		馬の耳(mt)|馬耳(wiki)	mt_unverified
87	general	impregnation	妊娠	mt_unverified	妊娠	受孕	受精(wiki)|受孕(wiki)	han-outside-inventory;mt_unverified
86	general	peeing	おしっこ	mt_unverified	おしっこ	お漏らし|おもらし|オシッコ|野ション	おしっこ(wiki)|お漏らし(wiki)|おもらし(wiki)	mt_unverified
86	general	between legs	足の間	tagpair_verified	脚の間		足の間(tagpair)|脚の間(mt)|足の間にあるもの(tagpair)	
86	general	holding unworn clothes	着ていない服を持っている	mt_unverified	着ていない服を持っている		衣服を持っている(tagpair)|未着用の服を持っている(tagpair)|着ていない服を持っている(mt)	sentence-like;mt_unverified
86	general	holding cup	カップを持つ	mt_verified	カップを持つ		カップを持つ(tagpair)|カップを持つ人(tagpair)	
86	general	stuffed toy	ぬいぐるみ	mt_unverified	ぬいぐるみ	ぬいぐるみオナニー	ぬいぐるみ(wiki)|ぬいぐるみオナニー(wiki)	mt_unverified
86	character	tacet mark (wuthering waves)	声痕	wiki_han				
86	general	unworn clothes	未着用の服	mt_verified	未着用の服	衣服標本|没穿的衣服|脱下的衣服|散落的衣服	未着用の服(mt)|衣服標本(wiki)|脱いだ服(wiki)|没穿的衣服(wiki)|脱下的衣服(tagpair)	
86	copyright	ore no imouto ga konna ni kawaii wake ga nai	俺の妹	wiki		俺の妹がこんなに可愛いわけがない|俺の妹がこんなに可愛いわけがない。		
86	general	tassel	タッセル	wiki_verified	房飾り	ニップルタッセル	タッセル(wiki)|ニップルタッセル(wiki)|房飾り(mt)	
86	copyright	voiceroid	コッショリ	wiki		ボイスロイド|VOICEROIDドット絵部		
85	general	bow bra	ボウ付きブラ	tagpair_verified	ブラジャー		ボウ付きブラ(tagpair)|ボウ付きブラジャー(tagpair)|ブラジャー(mt)	
85	general	white jacket	白い上着	tagpair_verified	白いジャケット		白い上着(tagpair)|白いジャケット(tagpair)	
85	general	surprised	驚く	wiki_verified	驚いた	驚き|驚いた|びっくり|ビックリ	驚く(wiki)|驚いた(wiki)|びっくり(tagpair)|驚き(wiki)	
85	general	petals	花びら	mt_verified	花びら	花瓣|花弁	花びら(wiki)|花弁(wiki)	
85	general	bridal gauntlets	ウェディンググローブ	mt_unverified	ウェディンググローブ		ウェディンググローブ(mt)	mt_unverified
85	general	cow horns	牛の角	mt_verified	牛の角		牛の角(wiki)	
85	general	door	ドア	mt_verified	ドア	扉	ドア(wiki)|扉(wiki)	
85	character	ellen joe	エレン・ジョー	wikidata		エレン|エレンジョー|エレン・ジョー(ゼンゼロ)		
85	general	short twintails	ショートツインテール	mt_unverified	ショートツインテール		短めツインテール(tagpair)|ショートツインテール(tagpair)|二つ結び(wiki)	mt_unverified
85	general	interspecies	異種間	mt_unverified	異種間	人間♂×ポケモン♀|異種姦|異種和姦|人外×少女	人間♂×ケモノ♀(wiki)|人間♂×ポケモン♀(wiki)|異種間(mt)|異種姦(wiki)|異種和姦(tagpair)	mt_unverified
85	general	holding food	食べ物を持つ手	tagpair_verified	食べ物を持っている		食べ物を持つ手(tagpair)|食べ物を持つ(tagpair)|食べ物を持っている(mt)	
85	general	torn legwear	破れた脚衣	mt_unverified	破れた脚衣		破れタイツ(tagpair)|破れストッキング(tagpair)|破れた脚衣(mt)	mt_unverified
84	general	:p	:p	mt_verified	:p		:p(mt)|舌を出している(tagpair)	
84	general	blue bowtie	青いボウタイ	tagpair_verified	青い蝶ネクタイ		青いボウタイ(tagpair)|青い蝶ネクタイ(tagpair)	
84	general	standing split	立ちスプリット	mt_verified	立ちスプリット	I字バランス|I字バランス部|淫蘭|I字開脚	立ちスプリット(mt)|Y字バランス(wiki)|I字バランス(wiki)|I字バランス部(wiki)	
84	general	blazer	ブレザー	mt_verified	ブレザー	水着ブレザー|ブレザー制服+パーカー	ブレザー(wiki)|水着ブレザー(wiki)|ブレザー制服+パーカー(wiki)	
84	general	arm behind back	腕を後ろに	tagpair_verified	背中に腕を回す		腕を後ろに(tagpair)|腕を後ろに引く(tagpair)|背中に腕を回す(mt)	
84	general	alternate hairstyle	別の髪型	mt_unverified	別の髪型		別の髪型(mt)|髪型チェンジ(wiki)	mt_unverified
84	general	cloudy sky	曇り空	mt_verified	曇り空	曇り空|曇天	曇り空(wiki)|曇り(wiki)|曇天(wiki)	
84	copyright	mushoku tensei	無職転生	wiki_han		無職轉生|無職転生FA		
84	general	twins	双子	mt_verified	双子	双胞胎	双子(wiki)|双胞胎(wiki)	
84	general	anger vein	怒りの血管	mt_unverified	怒りの血管	青筋	青筋(wiki)|怒りマーク(wiki)|怒りの血管(mt)	mt_unverified
84	general	alternate breast size	胸のサイズ変更	mt_unverified	胸のサイズ変更		胸のサイズ変更(mt)|貧乳化(tagpair)|爆乳化(tagpair)|巨乳化(tagpair)	mt_unverified
84	general	eyepatch	目隠し	mt_unverified	目隠し	眼帯	アイパッチ(wiki)|目隠し(mt)|眼帯(wiki)	mt_unverified
84	general	bald	ハゲ	wiki_verified	ハゲ頭	スキンヘッド|剃髪	ハゲ(wiki)|スキンヘッド(wiki)|ハゲ頭(mt)|剃髪(wiki)	
83	general	white bow	白いリボン	mt_unverified	白いリボン		白いリボン(tagpair)	mt_unverified
83	general	swim ring	水遊び用リング	mt_unverified	水遊び用リング		水遊び用リング(mt)|スイムリング(tagpair)|浮輪(tagpair)	mt_unverified
83	general	head on pillow	枕に頭を乗せるキャラクター	tagpair_verified	枕に頭を乗せる		枕に頭を乗せるキャラクター(tagpair)|枕に頭を乗せる(tagpair)	
83	general	unworn bra	未着用ブラジャー	tagpair_verified	未使用のブラジャー	脱いだ下着	未着用ブラジャー(tagpair)|未着用のブラジャー(tagpair)|ブラ抜き(wiki)|未使用のブラジャー(mt)|脱いだ下着(wiki)	
83	general	thick eyebrows	太い眉	mt_verified	太い眉	粗眉毛	太い眉(mt)|太眉(wiki)	
83	general	thigh boots	ニーブーツ	mt_unverified	ニーブーツ	編み上げサイハイブーツ	編み上げサイハイブーツ(wiki)|サイハイブーツ(wiki)|ニーブーツ(mt)	mt_unverified
83	general	3d background	3D背景	mt_verified	3D背景		3D背景(wiki)	
82	general	visor cap	バイザーキャップ	mt_verified	バイザーキャップ		バイザーキャップ(mt)|サンバイザー(wiki)	
82	general	pantyshot	パンティショット	mt_unverified	パンティショット	パンティラ|座りパンチラ|しゃがみパンチラ|ダイナミックパンチラ	パンチラ(wiki)|パンティラ(wiki)|座りパンチラ(wiki)|パンティショット(mt)	mt_unverified
82	general	white sailor collar	白いセーラー襟	tagpair_verified	白いセーラーカラー		白いセーラー襟(tagpair)|白いセーラーカラー(tagpair)	
82	general	cross	十字	wiki_verified	十字形	十字架	十字(wiki)|十字架(wiki)|十字形(mt)	
82	general	ball	ボール	mt_verified	ボール	球	ボール(wiki)|球(wiki)	
82	general	selfie	自撮り	wiki_verified	セルフィー	自分撮り|自画撮り|エロ自撮り|自拍	自撮り(wiki)|自分撮り(wiki)|自画撮り(wiki)|セルフィー(mt)	
82	general	clitoral hood	クリトリスの覆い	mt_unverified	クリトリスの覆い		包茎クリトリス(wiki)|クリトリスの覆い(mt)	mt_unverified
82	general	cover	表紙	mt_verified	表紙		表紙(mt)|封面(wiki)	
82	copyright	re:zero kara hajimeru isekai seikatsu	腐ゼロ	wiki		リゼロ|Reゼロ|Re:ゼロから始める異世界生活		
82	general	finger to mouth	口元に指を当てる	mt_verified	口元に指を当てる		口元に指を当てる(mt)|口に手(wiki)	
82	general	full-face blush	フルフェイス赤面	tagpair_verified	全身が赤くなる		フルフェイス赤面(tagpair)|顔全体の赤面(tagpair)|全身が赤くなる(mt)	
81	general	red halo	赤い光輪	tagpair_verified	赤いハロー		赤い光輪(tagpair)|赤いハロー(tagpair)	
81	general	...	...	mt_unverified	...		...(mt)|省略(tagpair)	mt_unverified
81	general	randoseru	ランドセル	mt_unverified	ランドセル	裸ランドセル	ランドセル(wiki)|裸ランドセル(wiki)	mt_unverified
81	general	long fingernails	長い爪	mt_unverified	長い爪		長い爪(tagpair)	mt_unverified
81	general	gyaru	ギャル	mt_unverified	ギャル	ギャル化|白ギャル|ギャル系|黒ギャル	ネオギャル(tagpair)|ギャル(wiki)|ギャル化(wiki)|白ギャル(wiki)|黒ギャル(tagpair)	mt_unverified
81	general	front-tie bikini top	フロントタイビキニトップ	tagpair_verified	フロントタイ付きビキニトップ		フロントタイビキニトップ(tagpair)|フロントタイ付きビキニトップ(mt)|前系比基尼上装(wiki)	
80	general	blue necktie	青いネクタイ	mt_unverified	青いネクタイ		青いネクタイ(tagpair)	mt_unverified
80	general	pencil skirt	スカート	mt_unverified	スカート	タイトスカート	スカート(mt)|タイトスカート(wiki)|タイトミニ(wiki)	mt_unverified
80	general	feet up	足上げ	wiki_verified	足を上げる	両足上げ	足上げ(wiki)|両足上げ(wiki)|足上げポーズ(tagpair)|足を上げる(mt)	
80	general	grabbing own ass	自分のお尻を掴む	mt_unverified	自分のお尻を掴む		自分の尻をつかむ(tagpair)|自分のお尻を掴む(mt)	morpheme-family;mt_unverified
80	general	string panties	ストリングパンティー	mt_verified	ストリングパンティー		ストリングパンティー(mt)|紐パンティ(tagpair)|紐パン(tagpair)	
80	general	cheerleader	チアガール	wiki_verified	チアリーダー	チアガール|チアリーダー|チアリーディング	チアガール(wiki)|チアリーダー(wiki)|チア(wiki)	
80	general	hand on own chest	胸に手	wiki_verified	胸に手を当てる	心臓を捧げよ|手放自己胸口	胸に手(wiki)|胸に手を当てる(mt)|手放自己胸口(wiki)|心臓を捧げよ(wiki)	
80	general	cum on ass	お尻に精液	mt_unverified	お尻に精液		尻ぶっかけ(wiki)|尻にザーメン(tagpair)|尻に射精(tagpair)|お尻に精液(mt)	morpheme-family;mt_unverified
80	general	pussy peek	パッシュピーク	mt_unverified	パッシュピーク	大陰唇	マンチラ(wiki)|パッシュピーク(mt)|大陰唇(wiki)	mt_unverified
80	general	rope	ロープ	mt_verified	ロープ	ロープ|縄	ロープ(wiki)|縄(wiki)|ロペ(wiki)	
80	general	male masturbation	男オナニー	wiki_verified	男性の自慰行為	男オナニー|女装オナニー|男性自慰	男オナニー(wiki)|男性の自慰行為(mt)|女装オナニー(wiki)|せんずり(wiki)	
80	character	furina (genshin impact)	フリーナ	wiki		フリヌヴィ|ヌヴィフリ|フォカロルス|フリーナ(原神)		
79	general	ribs	肋骨	mt_verified	肋骨		肋骨(wiki)	han-outside-inventory
79	general	polka dot	水玉模様	mt_verified	水玉模様		水玉模様(mt)|水玉(wiki)	han-outside-inventory
79	general	cleavage cutout	胸元の切り込み	mt_unverified	胸元の切り込み	ズリ穴|胸開き|谷間ホール|パイズリ穴	胸元の切り込み(mt)|逆アコ(wiki)|ズリ穴(wiki)|胸開き(wiki)|谷間ホール(tagpair)	mt_unverified
79	general	thighlet	ニーハイ下	mt_unverified	ニーハイ下		太ももリング(tagpair)|太ももの宝石(tagpair)|ニーハイ下(mt)	mt_unverified
79	general	double-parted bangs	ダブルパートバングス	tagpair_verified	二つに分かれた前髪		ダブルパートバングス(tagpair)|ダブルパート分けバングス(tagpair)|二つに分かれた前髪(mt)	
79	character	hayasaka ai	早坂愛	wikidata		ハーサカ		
79	character	fern (sousou no frieren)	フェルン	wiki		フェルンっぱい|フェルン(葬送のフリーレン)		
79	general	bikini top lift	ビキニトップリフト	tagpair_verified	ビキニトップの持ち上がり		ビキニトップリフト(tagpair)|ビキニトップ持ち上げ(tagpair)|ビキニトップの持ち上がり(mt)	
79	general	after sex	セックス後	mt_verified	セックス後	ずらし事後|事後|事后|性交之后	セックス後(mt)|歩き事後(wiki)|ずらし事後(wiki)|事後(wiki)	
79	general	dakimakura (medium)	抱き枕（中）	mt_unverified	抱き枕（中）	抱きまくら|抱き枕カバー|抱枕|等身抱枕	抱き枕（中）(mt)|抱き枕(wiki)|抱きまくら(wiki)|抱き枕カバー(wiki)	mt_unverified
78	general	fishnet thighhighs	ニーハイの魚網タイプ	mt_unverified	ニーハイの魚網タイプ		網タイツ(wiki)|ニーハイの魚網タイプ(mt)	mt_unverified
78	general	buttons	ボタン	mt_verified	ボタン		ボタン(wiki)	
78	general	maid apron	メイドエプロン	mt_verified	メイドエプロン		メイドエプロン(mt)	
78	general	thought bubble	思考泡	mt_verified	思考泡		思考泡(tagpair)|思考の雲(tagpair)	
78	general	tiara	ティアラ	mt_verified	ティアラ		ティアラ(wiki)	
78	general	bukkake	ぶっかけ	mt_unverified	ぶっかけ	精浴	ぶっかけ(wiki)|精浴(wiki)	mt_unverified
78	general	horse tail	馬の尾	tagpair_verified	ポニーテール		馬の尾(tagpair)|馬の尾っぽ(tagpair)|ポニーテール(mt)	
78	general	disembodied penis	抜け落ちたペニス	mt_unverified	抜け落ちたペニス		浮遊ペニス(tagpair)|浮遊するペニス(tagpair)|抜け落ちたペニス(mt)	mt_unverified
77	general	seiza	正座	mt_verified	正座	跪坐	正座(wiki)	
77	general	shirt tucked in	シャツをインする	mt_verified	シャツをインする	シャツ入れ	シャツをインする(tagpair)|シャツイン(wiki)|シャツ入れ(wiki)	
77	general	nun	修道女	mt_verified	修道女	シスター服|バトルシスター|修女|修道女	修道女(tagpair)|シスター服(wiki)|シスター(wiki)|バトルシスター(wiki)	
77	general	rose	ばら	wiki_verified	バラ	バラ|薔薇	ばら(wiki)|バラ(wiki)|薔薇(wiki)	
77	general	smug	得意げな表情	mt_unverified	得意げな表情	ドヤ顔|どや乳|ドヤ乳|得意	どや顔(wiki)|ドヤ顔(wiki)|どや乳(wiki)|得意げな表情(mt)	mt_unverified
77	character	ganyu (genshin impact)	甘雨	wiki_han		刻甘|循循守月|甘雨(原神)		
76	general	black wings	黒い翼	mt_verified	黒い翼	黒翼	黒い翼(wiki)|黒翼(wiki)	
76	general	pink background	ピンク背景	tagpair_verified	ピンクの背景		ピンク背景(tagpair)|ピンク色の背景(tagpair)|ピンクの背景(mt)|粉色背景(wiki)	
76	general	foot out of frame	画面外の足	mt_unverified	画面外の足		足切れショット(tagpair)|足切れ(tagpair)|画面外の足(mt)	mt_unverified
76	general	wet swimsuit	濡れた水着	mt_verified	濡れた水着		濡れた水着(tagpair)|濡れたスイムウェア(tagpair)	
76	general	ovum	卵	mt_unverified	卵		卵(mt)|卵子(wiki)|卵細胞(tagpair)	mt_unverified
76	copyright	the king of fighters	キングオブファイターズ	wiki		ザキングオブファイターズ|ザ·キング·オブ·ファイターズ|ザ・キング・オブ・ファイターズ|拳皇		
75	general	hair bobbles	髪飾り	mt_unverified	髪飾り		ヘアゴム(wiki)|髪飾り(mt)	mt_unverified
75	general	pubic tattoo	陰部タトゥー	mt_unverified	陰部タトゥー		陰部タトゥー(mt)|淫紋(wiki)	mt_unverified
75	general	turtleneck sweater	タートルネックセーター	mt_verified	タートルネックセーター		タートルネックセーター(mt)|タートルネック(wiki)	
75	general	bra pull	ブラジャーの締め付け	mt_unverified	ブラジャーの締め付け		ブラジャーの締め付け(mt)|下ズレ(wiki)|ブラ見せ(tagpair)	mt_unverified
75	general	matching hair/eyes	髪色と目色が一致している	mt_unverified	髪色と目色が一致している		髪色と目色が一致している(mt)	sentence-like;mt_unverified
75	general	sportswear	スポーツウェア	mt_unverified	スポーツウェア	スポーツタイツ|トレーニングウェア	スポーツウェア(wiki)|スポーツタイツ(wiki)|トレーニングウェア(wiki)	mt_unverified
75	general	white leotard	白レオタード	wiki_verified	白いレオタード	白レオタード	白レオタード(wiki)|白のレオタード(tagpair)|白いレオタード(tagpair)|白バニー(wiki)	
75	general	low ponytail	ローポニーテール	wiki_verified	低いポニーテール	ローポニーテール|ミドルポニーテール|アンダーポニーテール|長馬尾	ローポニーテール(wiki)|低いポニーテール(mt)|ミドルポニーテール(wiki)|おさげ(wiki)	
75	general	shared bathing	共同入浴	mt_verified	共同入浴		共同入浴(tagpair)|共有入浴(tagpair)	han-outside-inventory
75	general	crying with eyes open	目を開けたまま泣く	mt_verified	目を開けたまま泣く		目を開けたまま泣く(mt)|涙目(tagpair)|涙を流す目(tagpair)	
75	general	after fellatio	フェラチオの後	mt_unverified	フェラチオの後		フェラチオ後(tagpair)|フェラチオの後(mt)|口交之后(wiki)	mt_unverified
75	general	recording	録画	mt_verified	録画		録画(mt)	
75	general	eye contact	アイコンタクト	mt_verified	アイコンタクト	眼神交流|眼神接触	アイコンタクト(mt)|眼神交流(wiki)|眼神接触(wiki)|見つめ合う(wiki)	
74	general	shoulder blades	肩甲骨	mt_unverified	肩甲骨		肩甲骨(tagpair)	han-outside-inventory;mt_unverified
74	general	sunlight	日光	mt_verified	日光		日光(wiki)	
74	general	bikini under clothes	服の下にビキニ	wiki_verified	ビキニの下着	服の下にビキニ|水着ワイシャツ|Tシャツ+水着	服の下にビキニ(wiki)|服の下に水着(wiki)|ビキニの下着(mt)|水着ワイシャツ(wiki)	
74	general	patreon logo	Patreonのロゴ	mt_verified	Patreonのロゴ		Patreonのロゴ(mt)|パトレオン(tagpair)	
74	general	food-themed hair ornament	食べ物モチーフの髪飾り	tagpair_verified	食べ物柄の髪飾り		食べ物モチーフの髪飾り(tagpair)|食べ物柄の髪飾り(mt)|食べ物ヘアアクセサリー(tagpair)	
74	general	furry	毛深い	mt_unverified	毛深い	ケモノ|けもの|巨ケモ|メスケモ	ケモ(wiki)|ケモノ(wiki)|けもの(wiki)|毛深い(mt)|獣人(tagpair)	mt_unverified
73	general	innertube	インナーチューブ	mt_unverified	インナーチューブ	うきわ|浮輪	浮き輪(wiki)|うきわ(wiki)|インナーチューブ(mt)|浮輪(wiki)	mt_unverified
73	character	m200 (girls' frontline)	M200(ドールズフロントライン)	wiki		M200(少女前線)		
73	general	pussyjob	オナニー奉仕	mt_unverified	オナニー奉仕	素股	股コキ(wiki)|オナニー奉仕(mt)|素股(wiki)	mt_unverified
73	general	tiptoes	爪先立ち	wiki_verified	つま先立ち	つま先立ち	爪先立ち(wiki)|つま先立ち(wiki)	
73	general	side braid	横分けの三つ編み	mt_unverified	横分けの三つ編み		サイドポニー(tagpair)|サイドポニーテール(tagpair)|横分けの三つ編み(mt)	mt_unverified
73	general	height difference	身長差	mt_verified	身長差	逆体格差|身高差距	身長差(wiki)|逆体格差(wiki)	
72	general	functionally nude	実質的な裸体	mt_unverified	実質的な裸体		実質的な裸体(mt)	mt_unverified
72	general	dolphin shorts	ドルフィンショーツ	mt_verified	ドルフィンショーツ		ドルフィンショーツ(mt)|ドルフィンパンツ(wiki)	
72	general	lamp	ランプ	mt_verified	ランプ	台灯|落地台灯	ランプ(wiki)|台灯(wiki)|落地台灯(wiki)	
72	general	transparent background	透明な背景	mt_verified	透明な背景	背景が透明|透明背景|透過PNG	透明な背景(wiki)|背景が透明(wiki)|透明背景(wiki)	
72	general	wing collar	ウイングカラー	tagpair_verified	翼のようなカラー		ウイングカラー(tagpair)|ウイングカラーシャツ(tagpair)|翼のようなカラー(mt)	
72	general	striped bow	ストライプのリボン	mt_unverified	ストライプのリボン		ストライプボウ(tagpair)|ストライプリボン(tagpair)|ストライプのリボン(mt)	mt_unverified
72	character	sonoda chiyoko	園田智代子	wiki_han				
72	general	copyright name	著作権名	mt_verified	著作権名	著作	著作権名(mt)|タイトル回収(wiki)|著作(wiki)	han-outside-inventory
72	general	twin drills	ツインドリル	wiki_verified	双子ドリル	ドリルツイン|ドリルツインテール	ツインドリル(wiki)|ドリルツイン(wiki)|双子ドリル(mt)|ドリルツインテール(wiki)	
72	general	wading	水をかき分けて進む	mt_unverified	水をかき分けて進む	涉水	水遊び(wiki)|水をかき分けて進む(mt)	mt_unverified
72	general	crown	王冠	mt_verified	王冠		王冠(wiki)	han-outside-inventory
72	general	pink ribbon	ピンクのリボン	mt_verified	ピンクのリボン		ピンクのリボン(tagpair)|ピンク色のリボン(tagpair)	
72	general	leotard aside	レオタードを除く	mt_unverified	レオタードを除く		レオタードを除く(mt)|股布ずらし(wiki)	mt_unverified
71	general	sports bra	スポーツブラ	mt_verified	スポーツブラ	スポーツブラ	スポーツブラ(wiki)|スポブラ(wiki)	
71	general	obi	帯	mt_unverified	帯		帯(wiki)	mt_unverified
71	general	naked shirt	裸シャツ	wiki_verified	ノースリーブシャツ	裸Yシャツ|裸Tシャツ|裸ワイシャツ|下着ワイシャツ	裸シャツ(wiki)|裸ワイシャツ(tagpair)|裸Yシャツ(wiki)|ノースリーブシャツ(mt)|裸Tシャツ(wiki)	
71	general	covered nipples	隠された乳首	mt_unverified	隠された乳首	透け乳首|浮き乳首|浮き浮き乳首|勃起乳首	浮き乳首(wiki)|透け乳首(wiki)|胸ポチ(wiki)|隠された乳首(mt)	mt_unverified
71	general	spoken question mark	疑問符	tagpair_verified	話し言葉の疑問符		疑問符(tagpair)|疑問符の音(tagpair)|話し言葉の疑問符(mt)	han-outside-inventory
71	general	implied sex	性的暗示	mt_unverified	性的暗示		これ絶対入ってるよね(wiki)|性的暗示(mt)	han-outside-inventory;mt_unverified
71	general	straddling paizuri	跨がったパイズリ	mt_unverified	跨がったパイズリ		跨がったパイズリ(mt)|馬乗りパイズリ(wiki)	mt_unverified
71	general	foreskin	包皮	mt_unverified	包皮	仮性包茎	包皮(wiki)|仮性包茎(wiki)	han-outside-inventory;mt_unverified
71	general	mother and son	母と息子	mt_verified	母と息子	母子|親子|母子相姦	母と息子(wiki)|母子相姦(tagpair)|母子(wiki)|親子(wiki)	
71	general	fertilization	受精	mt_verified	受精		受精(wiki)	
70	general	light smile	かすかな笑み	mt_unverified	かすかな笑み	微笑む|微笑	微笑み(wiki)|微笑む(wiki)|微笑(wiki)|軽い微笑み(tagpair)|かすかな笑み(mt)	mt_unverified
70	general	hair behind ear	耳の後ろで髪を結ぶ	tagpair_verified	耳の後ろの髪		耳の後ろで髪を結ぶ(tagpair)|耳の後ろで髪を結ぶキャラクター(tagpair)|耳の後ろの髪(mt)	
70	general	hood down	フードを下げる	mt_unverified	フードを下げる		フードダウン(tagpair)|フードを外す(tagpair)|フードを下げる(mt)	mt_unverified
70	general	feathers	羽	mt_verified	羽	羽毛|羽根|正羽|綿羽	羽(wiki)|羽毛(wiki)|羽根(wiki)	
69	general	stuffed animal	クッションキャラクター	mt_unverified	クッションキャラクター		クッションキャラクター(mt)	mt_unverified
69	general	pom pom (cheerleading)	ポンポン（チアリーディング）	mt_verified	ポンポン（チアリーディング）		ポンポン（チアリーディング）(mt)|ポンポン(wiki)|チアポンポン(tagpair)	sentence-like
69	general	low wings	低い翼	mt_verified	低い翼		低い翼(mt)|腰羽(wiki)	
69	character	yuigahama yui's mother	ガハママ	wiki		結衣の母|由比ヶ浜マ|由比ヶ浜ママ		
69	general	scar	傷跡	mt_verified	傷跡	傷跡	傷跡(wiki)|傷(wiki)	
69	general	headband	ヘッドバンド	wiki_verified	ヘアバンド	鉢巻	ヘッドバンド(wiki)|鉢巻(wiki)|ヘアバンド(mt)	
69	general	thigh grab	ニーハイを掴む	mt_unverified	ニーハイを掴む		太もも掴み(tagpair)|ニーハイを掴む(mt)	mt_unverified
69	general	oppai loli	巨乳ロリ	mt_unverified	巨乳ロリ	ロリ爆乳|ロリ超乳|ガキ巨乳|トランジスタグラマー	ロリ巨乳(wiki)|ロリ爆乳(wiki)|ロリ超乳(wiki)|巨乳ロリ(mt)	injected-word;mt_unverified
68	general	coat	コート	mt_verified	コート	下着コート|水着コート|外套	コート(wiki)|水着コート(wiki)|下着コート(wiki)	
68	general	out of frame	フレームアウト	tagpair_verified	フレーム外		フレームアウト(tagpair)|見切れ(wiki)|フレーム外(tagpair)	
68	general	animal ear hairband	動物耳ヘアバンド	tagpair_verified	動物耳のヘアバンド		動物耳ヘアバンド(tagpair)|動物耳のヘアバンド(mt)	
68	general	mirror	鏡	mt_verified	鏡	すがたみ|鏡|姿見	鏡(wiki)|かがみ(wiki)|すがたみ(wiki)	
68	copyright	lycoris recoil	リコリコ	wiki		リコリスリコイル|リコリス・リコイル		
68	general	just the tip	先端だけ	mt_unverified	先端だけ		先っちょ入れ(wiki)|先端だけ(mt)|挿入前の状態(tagpair)|挿入前(tagpair)	mt_unverified
68	general	4boys	4人の男の子	mt_unverified	4人の男の子		4人の男性キャラクター(tagpair)|4人の男の子(mt)|4人男子(tagpair)	mt_unverified
68	general	femdom	女性支配	mt_unverified	女性支配	逆レイプ|逆リョナ|ドMホイホイ|女性上位	女攻め(wiki)|逆レイプ(wiki)|逆リョナ(wiki)|女性支配(mt)|女性上位(tagpair)	mt_unverified
67	general	leaning back	のけぞる	wiki_verified	もたれかかる	仰け反る|のけ反る|后曲	のけぞる(wiki)|仰け反る(wiki)|のけ反る(wiki)|もたれかかる(mt)	
67	general	symbol in eye	目のシンボル	mt_verified	目のシンボル		目のシンボル(mt)|目の中の記号(tagpair)|目の中のシンボル(tagpair)	
67	general	arm held back	腕を後ろに引いた状態	mt_unverified	腕を後ろに引いた状態		腕を引き戻す(tagpair)|腕を後ろに引いた状態(mt)|腕を引き戻される(tagpair)	mt_unverified
67	general	shorts pull	ショートパンツ引き上げ	tagpair_verified	ショートパンツの引き下げ		ショートパンツ引き上げ(tagpair)|ショートパンツの引き下げ(mt)	
67	general	legs apart	脚を広げる	mt_unverified	脚を広げる		脚を広げる(mt)	mt_unverified
67	general	ass visible through thighs	ニーハイから見えるお尻	mt_unverified	ニーハイから見えるお尻		ニーハイから見えるお尻(mt)|前から見えるお尻(wiki)	morpheme-family;mt_unverified
67	general	dragon girl	ドラゴン娘	mt_verified	ドラゴン娘	けもりぅ|ドラゴン娘|竜娘|龍娘	ドラゴン娘(wiki)|竜娘(tagpair)|龍娘(tagpair)|メスドラ(wiki)|けもりぅ(wiki)	
67	character	fujiwara chika	藤原千花	wikidata		藤原書記		
67	general	pajamas	パジャマ	mt_verified	パジャマ	睡衣	パジャマ(wiki)|睡衣(wiki)	
67	general	brown skirt	茶色のスカート	tagpair_verified	茶色いスカート		茶色のスカート(tagpair)|ブラウンのスカート(tagpair)|茶色いスカート(mt)	
67	general	pom pom hair ornament	ポンポンの髪飾り	mt_unverified	ポンポンの髪飾り		ポンポン髪飾り(tagpair)|ポンポンヘアアクセサリー(tagpair)|ポンポンの髪飾り(mt)	mt_unverified
67	character	hu tao (genshin impact)	フータオ	wiki		胡桃|胡桃(原神)		
66	general	number tattoo	数字の刺青	tagpair_verified	数字のタトゥー		数字の刺青(tagpair)|数字のタトゥー(tagpair)	
66	general	covering own mouth	口隠し	wiki_verified	口を覆う		口隠し(wiki)|口を覆う(mt)	
66	general	black bowtie	黒い蝶ネクタイ	mt_unverified	黒い蝶ネクタイ		黒の蝶ネクタイ(tagpair)|黒の蝶タイ(tagpair)|黒い蝶ネクタイ(mt)	mt_unverified
66	general	red panties	赤パンティ	tagpair_verified	赤いパンティー		赤パンティ(tagpair)|赤いパンティー(mt)|赤い下着(tagpair)	
66	general	palm tree	ヤシの木	mt_verified	ヤシの木	椰子の木|やしの木|椰子	ヤシの木(wiki)|やしの木(wiki)|椰子の木(wiki)	
66	general	;d	;d	mt_verified	;d		;d(mt)|ウインク(tagpair)|ウインク笑顔(tagpair)	
66	general	sparkle	キラキラ	mt_unverified	キラキラ		キラキラ(wiki)	mt_unverified
66	general	asymmetrical bangs	非対称な前髪	mt_unverified	非対称な前髪		非対称の前髪(tagpair)|アシンメトリー前髪(tagpair)|非対称な前髪(mt)	mt_unverified
66	general	muscular male	筋肉質な男性	mt_unverified	筋肉質な男性	筋肉|筋肉男|筋肉質|肌肉男	ガチムチ(wiki)|筋肉質(tagpair)|筋肉質な男性(mt)|筋肉男(wiki)|筋肉(wiki)	mt_unverified
65	general	abs	お尻	mt_unverified	お尻	腹筋|腹肌|腹直筋	魅惑の腹筋(wiki)|お尻(mt)|腹筋(wiki)|腹肌(wiki)|腹直筋(tagpair)	morpheme-family;mt_unverified
65	general	dog girl	いぬ娘	wiki_verified	犬娘	犬娘|犬系女子	いぬ娘(wiki)|犬娘(wiki)|犬系女子(wiki)	
65	general	dog tail	犬しっぽ	wiki_verified	犬の尾	いぬしっぽ	犬しっぽ(wiki)|いぬしっぽ(wiki)|犬の尾(tagpair)|犬のしっぽ(tagpair)	
65	general	child	子供	mt_verified	子供	子供|幼児|女児|少年	子供(wiki)|幼女(wiki)|幼児(wiki)|男児(tagpair)	
65	general	pubic hair peek	陰毛が見える	mt_unverified	陰毛が見える		陰毛が見える(mt)|ハミ毛(wiki)	mt_unverified
65	general	spread anus	肛門を広げる	mt_verified	肛門を広げる	ぽっかりアナル|アナルの造詣が深い	肛門を広げる(mt)|ぽっかりアナル(wiki)|アナルくぱぁ(wiki)|アナルの造詣が深い(wiki)	
65	general	:<=	:<=	mt_unverified	:<=		:<=(mt)	mt_unverified
64	general	fruit	フルーツ	wiki_verified	果物	くだもの|果物|水果	フルーツ(wiki)|くだもの(wiki)|果物(wiki)	
64	general	lace-trimmed bra	レース縁取りのブラ	tagpair_verified	レース付きブラジャー		レース縁取りのブラ(tagpair)|レース付きブラジャー(mt)|レース縁取りのブラジャー(tagpair)	
64	general	lanyard	ストラップ	mt_unverified	ストラップ		ネックストラップ(wiki)|ストラップ(mt)	mt_unverified
64	general	wolf girl	狼娘	wiki_verified	狼女の子1人	狼女	狼娘(wiki)|狼女の子1人(mt)|狼女(wiki)	
64	character	nakano nino	中野二乃	wikidata				
64	general	pillow grab	掴みピロー	wiki_verified	枕を掴む		掴みピロー(wiki)|枕を掴む(mt)	
64	general	bisexual female	両性愛の女性	mt_unverified	両性愛の女性		バイセクシャル(tagpair)|バイセクシャル女性(tagpair)|両性愛の女性(mt)	mt_unverified
64	general	paw pose	パウポーズ	mt_unverified	パウポーズ	犬ポーズ	猫ポーズ(wiki)|犬ポーズ(wiki)|手招き(tagpair)|パウポーズ(mt)	mt_unverified
64	general	gag	ギャグ	mt_unverified	ギャグ		口枷(tagpair)|ギャグ(mt)|口塞(wiki)	mt_unverified
64	general	fanbox username	ファンボックスのユーザー名	mt_verified	ファンボックスのユーザー名		ファンボックスのユーザー名(mt)|ファンボックス(tagpair)|ファンボックスリンク(tagpair)	sentence-like
64	general	purple bow	紫色のボウ	tagpair_verified	紫色のリボン		紫色のボウ(tagpair)|紫色のリボン(mt)|紫色の髪飾り(tagpair)	
64	general	tile floor	タイルフロア	wiki_verified	タイル張りの床		タイルフロア(wiki)|タイル張りの床(mt)	
64	general	futanari	ふたなり	wiki_verified	両性具有人	ふたなり|フタナリ|ロリ巨根|ふたなり化	ふたなり(wiki)|フタナリ(wiki)|双成り(wiki)|両性具有人(mt)	
63	general	green halo	緑のハロー	tagpair_verified	緑色のハロー		緑のハロー(tagpair)|緑色のハロー(mt)|緑のリング(tagpair)	
63	general	brown thighhighs	茶色のニーハイ	mt_unverified	茶色のニーハイ		茶色のパンスト(tagpair)|茶色のニーハイ(mt)|茶色の太ももハイソックス(tagpair)	mt_unverified
63	general	crossed arms	腕組み	wiki_verified	腕を組む		腕組み(wiki)|腕を組む(mt)	
63	general	own hands together	両手を合わせる	mt_unverified	両手を合わせる		両手を合わせる(mt)|手をつなぐ(tagpair)	mt_unverified
63	general	baseball cap	野球帽	mt_verified	野球帽	野球帽	野球帽(wiki)|棒球帽(wiki)	
63	general	cow print bikini	牛ビキニ	wiki_verified	牛柄のビキニ	牛柄ビキニ|うしぴょい	牛ビキニ(wiki)|牛柄ビキニ(wiki)|牛柄のビキニ(mt)|うしぴょい(wiki)	
63	general	print gloves	プリント手袋	tagpair_verified	プリントグローブ		プリント手袋(tagpair)|プリント入り手袋(tagpair)|プリントグローブ(mt)	
63	general	armband	腕章	wiki_verified	アームバンド		腕章(wiki)|アームバンド(mt)	
63	general	blue hairband	青いヘアバンド	mt_verified	青いヘアバンド		青いヘアバンド(tagpair)	
63	general	can	缶	wiki_verified	できるか		缶(wiki)|できるか(mt)	
63	general	cum on penis	ペニスに精液をかける	mt_unverified	ペニスに精液をかける		精液がペニスに(tagpair)|ペニスに精液をかける(mt)|精液(tagpair)	mt_unverified
63	general	bandaged leg	包帯を巻いた足	mt_verified	包帯を巻いた足		包帯を巻いた足(mt)|包帯脚(tagpair)|包帯足(tagpair)	
63	general	hair down	髪下ろし	wiki_verified	髪を下ろした状態		髪下ろし(wiki)|髪を下ろした状態(mt)	
63	general	anus peek	お尻の覗き見	mt_unverified	お尻の覗き見		お尻の覗き見(mt)|アナルチラ(wiki)	morpheme-family;mt_unverified
63	general	wardrobe malfunction	服装トラブル	mt_unverified	服装トラブル	走光	ハプニング(wiki)|服装トラブル(mt)|走光(wiki)	mt_unverified
63	general	huge penis	巨根	tagpair_verified	巨大なペニス	ロリ巨根|巨根ショタ|爆根|超根	巨根(tagpair)|巨大なペニス(mt)|ロリ巨根(wiki)|極上の竿(wiki)|巨根ショタ(wiki)	
62	general	speed lines	スピードライン	mt_unverified	スピードライン		スピード線(tagpair)|スピード線画(tagpair)|スピードライン(mt)	mt_unverified
62	general	facing away	背を向けて	mt_unverified	背を向けて	後姿|背影	後ろ姿(wiki)|背を向けて(mt)|後姿(wiki)|背影(wiki)	mt_unverified
62	general	lace-trimmed panties	レース縁のパンティ	tagpair_verified	レース付きパンティー		レース縁のパンティ(tagpair)|レース付きパンティー(mt)|レース縁のショーツ(tagpair)	
62	general	wide-eyed	目を見開く	mt_unverified	目を見開く		目を見開く(mt)	mt_unverified
62	general	print thighhighs	ニーハイを印刷する	mt_unverified	ニーハイを印刷する		プリントタイツ(tagpair)|プリントされた膝上ソックス(tagpair)|ニーハイを印刷する(mt)	mt_unverified
62	general	dragon horns	ドラゴンの角	mt_verified	ドラゴンの角		ドラゴンの角(tagpair)	
62	general	black sailor collar	黒セーラー襟	tagpair_verified	黒いセーラーカラー		黒セーラー襟(tagpair)|黒セーラーカラー(tagpair)|黒いセーラーカラー(mt)	
62	general	goggles	ゴーグル	mt_verified	ゴーグル		ゴーグル(wiki)	
62	character	nishikigi chisato	錦木千束	wikidata		ちさたき|たきちさ|山葵のりこ		
62	general	heart pasties	ハート風船	mt_unverified	ハート風船	心形乳貼|心形胸貼	ハートニプレス(wiki)|ハート風船(mt)|心形乳貼(wiki)|心形胸貼(wiki)	mt_unverified
62	general	black headwear	黒い頭装飾	mt_unverified	黒い頭装飾		黒い頭飾り(tagpair)|黒いヘアバンド(tagpair)|黒い頭装飾(mt)	mt_unverified
62	general	light blue hair	ライトブルー髪	tagpair_verified	水色の髪		ライトブルー髪(tagpair)|水色の髪(mt)|明るい青髪(tagpair)	
62	general	cover page	表紙	mt_unverified	表紙	表紙絵	表紙(wiki)|表紙絵(wiki)	mt_unverified
62	general	star hair ornament	星形の髪飾り	mt_verified	星形の髪飾り		星形の髪飾り(mt)|星形ヘアアクセサリー(tagpair)|星形ヘアピン(tagpair)	
62	general	furry female	毛深い女性	mt_unverified	毛深い女性	メスケモ|ケモロリ|ケモ百合|獣人	ケモノ(wiki)|メスケモ(wiki)|ケモロリ(wiki)|毛深い女性(mt)|獣娘(tagpair)	mt_unverified
61	general	raised eyebrows	眉を上げる	mt_unverified	眉を上げる		眉を上げる(tagpair)|眉をひそめる(tagpair)	mt_unverified
61	general	arm tattoo	腕の刺青	tagpair_verified	腕のタトゥー		腕の刺青(tagpair)|腕のタトゥー(tagpair)	
61	general	track jacket	トラックジャケット	mt_unverified	トラックジャケット	水着ジャージ|ジャージ+スパッツ	トラックジャケット(mt)|ジャージ(wiki)|水着ジャージ(wiki)|ジャージ+スパッツ(wiki)	mt_unverified
61	general	spoken ellipsis	話し言葉の省略記号	mt_unverified	話し言葉の省略記号		話す三点リーダー(tagpair)|話す三点(tagpair)|話し言葉の省略記号(mt)	mt_unverified
61	general	vertical-striped clothes	縦縞の服	mt_verified	縦縞の服	縦縞模様	縦縞の服(tagpair)|縦縞(wiki)|縦縞模様(wiki)	
61	general	drinking glass	飲み物用グラス	mt_verified	飲み物用グラス		飲み物用グラス(mt)|グラス(wiki)	
61	general	crotchless	股間なし	mt_unverified	股間なし		オープンクロッチ(wiki)|クロッチレス(tagpair)|クロッチなし(tagpair)|股間なし(mt)	mt_unverified
61	general	braided ponytail	編み込みポニーテール	tagpair_verified	三つ編みのポニーテール		編み込みポニーテール(tagpair)|三つ編みのポニーテール(mt)	
61	general	single side bun	片側お団子髪	mt_unverified	片側お団子髪		サイドアップ(tagpair)|サイドポニーテール(tagpair)|片側お団子髪(mt)	mt_unverified
61	general	wolf tail	狼しっぽ	wiki_verified	狼の尾	おおかみしっぽ|狼尾|狼尻尾|狼尾巴	狼しっぽ(wiki)|おおかみしっぽ(wiki)|狼の尾(mt)|狼尾(wiki)|狼尻尾(tagpair)	
61	general	cube hair ornament	キューブヘアオーナメント	tagpair_verified	立方体の髪飾り		キューブヘアオーナメント(tagpair)|立方体の髪飾り(mt)|キューブヘアアクセサリー(tagpair)	
61	general	reverse outfit	逆向きの服装	mt_unverified	逆向きの服装	逆穿服装	逆衣装(wiki)|逆向きの服装(mt)|逆穿服装(wiki)	mt_unverified
61	general	netorare	ネトラレ	mt_unverified	ネトラレ	寝取られ|寝取らせ|逆NTR	寝取り(wiki)|寝取られ(wiki)|寝取らせ(wiki)|ネトラレ(mt)	mt_unverified
61	general	capelet	ケープレット	wiki_verified	小さなマント	披肩	ケープレット(wiki)|小さなマント(mt)|披肩(wiki)	
61	general	bikini pull	ビキニ引き	tagpair_verified	ビキニのホック		ビキニ引き(tagpair)|ビキニ引き下げ(tagpair)|ビキニのホック(mt)	
61	general	tsurime	吊るす	mt_unverified	吊るす	つり目|つりめ|釣り目|吊眼	ツリ目(wiki)|つり目(wiki)|つりめ(wiki)|吊るす(mt)	mt_unverified
60	general	red necktie	赤いネクタイ	mt_unverified	赤いネクタイ		赤ネクタイ(tagpair)|赤いネクタイ(tagpair)	mt_unverified
60	general	^ ^	^ ^	mt_unverified	^ ^		ニコニコ笑顔(tagpair)|^ ^(mt)	mt_unverified
60	general	white legwear	白い脚衣装	mt_unverified	白い脚衣装		白い靴下(tagpair)|白いタイツ(tagpair)|白い膝上丈(tagpair)|白い脚衣装(mt)	mt_unverified
60	general	bound arms	縛られた腕	mt_verified	縛られた腕		縛られた腕(mt)|拘束された腕(tagpair)|拘束された手(tagpair)	
60	general	floating hair	浮遊する髪	tagpair_verified	浮く髪		浮遊する髪(tagpair)|浮く髪(mt)|浮いている髪(tagpair)	
60	copyright	atelier (series)	アトリエ	wiki		アトリ絵|アトリエシリーズ		
60	general	multicolored eyes	多色瞳	tagpair_verified	多彩な色の瞳		多色瞳(tagpair)|多色眼瞳(wiki)|多彩な色の瞳(mt)|多色眼(tagpair)	
60	general	goat horns	ヤギの角	mt_verified	ヤギの角		ヤギの角(tagpair)|ヤギのツノ(tagpair)|山羊角(wiki)	
60	general	hip bones	ヒップ骨	mt_unverified	ヒップ骨		ヒップボーン(tagpair)|ヒップ骨(mt)|腰骨(wiki)|骨盤(tagpair)	mt_unverified
59	general	black serafuku	黒い制服	mt_unverified	黒い制服		黒セーラー(wiki)|黒い制服(mt)	mt_unverified
59	general	wet hair	濡れ髪	wiki_verified	濡れた髪		濡れ髪(wiki)|濡れた髪(mt)	
59	general	white shoes	白い靴	mt_verified	白い靴		白い靴(wiki)	
59	general	after paizuri	おねんねの後	mt_unverified	おねんねの後	乳交之后	ズリ事後(wiki)|おねんねの後(mt)|乳交之后(wiki)	mt_unverified
59	general	exhibitionism	露陰行為	mt_unverified	露陰行為	露出|露出狂|露出癖|野外露出	露出オナナニー(wiki)|露陰行為(mt)|露出(wiki)|露出狂(wiki)|野外露出(tagpair)	mt_unverified
59	general	bathtub	バスタブ	mt_verified	バスタブ	浴槽|湯船	バスタブ(wiki)|湯船(wiki)	
59	character	nahida (genshin impact)	ナヒーダ	wiki		クサナリ|ナヒーダ(原神)|クラクサナリデビ|草神		
59	copyright	chainsaw man	チェ夢	wiki		チェンソーマン|チェーンソーマン|チェンソーマン2部|電鋸人		
59	general	ring light reflection	リングライトの反射	mt_verified	リングライトの反射		リングライトの反射(mt)	
58	general	office lady	OL	mt_unverified	OL		OL(mt)	mt_unverified
58	general	wet shirt	濡れシャツ	wiki_verified	濡れたシャツ	スケブラ|濡れシャツ	濡れシャツ(wiki)|濡れたシャツ(mt)|透けブラ(wiki)|スケブラ(wiki)	
58	general	white wrist cuffs	白い手首カフス	mt_verified	白い手首カフス		白い手首カフス(tagpair)|白い手首拘束具(tagpair)	
58	general	sand	砂	mt_verified	砂	砂|沙	砂(wiki)|沙(wiki)|すな(wiki)	
58	general	onsen	温泉	mt_unverified	温泉	露天風呂	温泉(wiki)|露天風呂(wiki)	mt_unverified
58	general	arm under breasts	胸の下の腕	mt_unverified	胸の下の腕		胸の下の腕(mt)|腕が胸の下にある(tagpair)|腕が胸の下にあるキャラクター(tagpair)	mt_unverified
58	general	double penetration	二重挿入	mt_unverified	二重挿入	2穴責め|二穴|2穴	二重挿入(mt)|二穴責め(wiki)|2穴責め(wiki)|二穴(wiki)	mt_unverified
58	character	shirogane kei	白銀圭	wikidata				
58	general	on desk	机の上	mt_unverified	机の上		机の上(tagpair)|机の上にいる(tagpair)	mt_unverified
58	general	knees together feet apart	膝を揃えて足を開く姿勢	tagpair_verified	膝を合わせて足を開く		膝を揃えて足を開く姿勢(tagpair)|膝を揃えて足を開く(tagpair)|膝を合わせて足を開く(mt)|X脚(wiki)	
58	general	dress pull	ドレス引き	tagpair_verified	ドレスの引き上げ		ドレス引き(tagpair)|ドレス引き下ろし(tagpair)|ドレスの引き上げ(mt)	
58	general	upright straddle	まっすぐな跨ぎ姿勢	mt_unverified	まっすぐな跨ぎ姿勢		まっすぐな跨ぎ姿勢(mt)|対面座位(wiki)	mt_unverified
58	copyright	yu-gi-oh!	遊戯王シリーズ	wiki		遊戯王女性向け|遊戯王ファンアート|OCGファンアート|遊戯王ラッシュデュエル		
58	character	kousaka kirino	高坂桐乃	wikidata				
58	general	ugly bastard	ブスなクソ野郎	mt_verified	ブスなクソ野郎	汚っさん|キモオタ|汚いおっさん|種付けおじさん	ブスなクソ野郎(mt)|汚っさん(wiki)|ブ男(wiki)|キモオタ(wiki)	
58	copyright	bleach	ブリーチ	wiki		死神|境·界		
57	general	see-through shirt	透けシャツ	mt_verified	透けシャツ		透けシャツ(wiki)|透けるシャツ(tagpair)	
57	general	blue bra	青ブラ	wiki_verified	青いブラジャー	水色ブラ	青ブラ(wiki)|青いブラジャー(mt)|水色ブラ(wiki)	
57	general	black belt	黒帯	mt_verified	黒帯		黒帯(tagpair)	
57	general	side slit	サイドスリット	mt_verified	サイドスリット	スリット(洋服)	サイドスリット(mt)|スリット(wiki)|スリット(洋服)(wiki)	
57	general	deep skin	深い肌	tagpair_verified	深い肌色		深い肌(tagpair)|深い皮膚(tagpair)|深い肌色(mt)	
57	general	white footwear	白い靴	mt_unverified	白い靴		白い靴(tagpair)|白靴(tagpair)	mt_unverified
57	general	highleg panties	ニーハイパンティー	mt_unverified	ニーハイパンティー		ニーハイパンティー(mt)|ハイレグパンティ(tagpair)|ハイレグパンツ(wiki)|ハイレグショーツ(tagpair)	mt_unverified
57	general	umbrella	傘	mt_verified	傘	雨傘	傘(wiki)|雨傘(wiki)	han-outside-inventory
57	general	belly	お腹	mt_unverified	お腹		イカ腹(wiki)|お腹(mt)	mt_unverified
57	character	gotoh hitori	後藤ひとり	wikidata		ぼ喜多|ぼっちちゃん|ごとうひとり|后藤一里		
57	character	kitagawa marin	喜多川海夢	wikidata		海夢		
57	general	yellow shirt	黄シャツ	wiki_verified	黄色いシャツ		黄シャツ(wiki)|黄色いシャツ(mt)	
57	general	body writing	ボディワーリング	mt_unverified	ボディワーリング	身体に落書き|からだ書き初め	体に落書き(wiki)|身体に落書き(wiki)|からだ書き初め(wiki)|ボディワーリング(mt)	mt_unverified
57	general	strangling	絞殺	mt_unverified	絞殺	首絞めックス|絞殺|絞首	首絞め(wiki)|首絞めックス(wiki)|絞殺(wiki)|絞首(tagpair)	mt_unverified
57	general	outside border	外側の枠	mt_unverified	外側の枠		フレーム外(tagpair)|フレーム外キャラクター(tagpair)|外側の枠(mt)	mt_unverified
57	general	cone hair bun	円錐形の髪のお団子	mt_unverified	円錐形の髪のお団子		円錐形の髪のお団子(mt)	mt_unverified
56	general	shoulder bag	ショルダーバッグ	mt_verified	ショルダーバッグ		ショルダーバッグ(wiki)	
56	general	small penis	小さいペニス	mt_verified	小さいペニス	短小	小さいペニス(mt)|粗チン(wiki)|短小(wiki)	
56	general	looking away	目をそらす	tagpair_verified	視線をそらす		目をそらす(tagpair)|目を逸らす(tagpair)|視線をそらす(mt)	
56	general	open fly	ファスナーが開いている	mt_unverified	ファスナーが開いている		ファスナーが開いている(mt)|ズボンのチャックが開いている(tagpair)|開いているズボン(tagpair)	sentence-like;mt_unverified
56	general	contrapposto	対角線構図	mt_unverified	対角線構図		コントラポスト(wiki)|対角線構図(mt)	mt_unverified
56	general	sleeves rolled up	腕まくり	wiki_verified	袖をまくり上げた	袖まくり|卷起袖子	腕まくり(wiki)|袖まくり(wiki)|袖をまくり上げた(mt)	
56	general	alcohol	お酒	mt_verified	お酒	アルコール|酒	お酒(wiki)|アルコール(wiki)|酒(wiki)	
56	character	yanami anna	八奈見杏菜	wikidata				
56	general	blue leotard	青いレオタード	mt_verified	青いレオタード		青いレオタード(tagpair)|青バニー(wiki)	
56	general	candy	あめ	wiki_verified	キャンディー	あめだま|スイーツ|キャンデー|キャンディ	あめ(wiki)|キャンディー(tagpair)|飴(tagpair)|あめだま(wiki)|スイーツ(wiki)	
56	general	hand on own ass	自分のお尻に手を当てる	mt_unverified	自分のお尻に手を当てる		自分の尻に手を当てる(tagpair)|自分のお尻に手を当てる(mt)	morpheme-family;mt_unverified
56	copyright	pokemon (anime)	アニポケ	wiki		ポケアニ|ポケモン映画|マオ(アニポケ)|ハルカ(アニポケ)		
55	general	covering breasts	巨乳を隠す	mt_unverified	巨乳を隠す	腕ブラ	巨乳を隠す(mt)|手ブラ(wiki)|腕ブラ(wiki)	injected-word;mt_unverified
55	general	shiny clothes	光沢のある服	mt_verified	光沢のある服		光沢のある服(tagpair)|光沢のある衣服(tagpair)	
55	general	rabbit girl	ウサギ娘	mt_verified	ウサギ娘	うさぎ娘|兎娘	ウサギ娘(wiki)|うさぎ娘(wiki)|兎娘(tagpair)	
55	general	cow print gloves	牛柄の手袋	mt_unverified	牛柄の手袋		牛柄の手袋(tagpair)|牛柄手袋(tagpair)	mt_unverified
55	general	cropped jacket	カットオフジャケット	mt_unverified	カットオフジャケット	クロップジャケット	クロップジャケット(wiki)|カットオフジャケット(mt)|ボレロ(wiki)	mt_unverified
55	general	purple dress	紫のドレス	tagpair_verified	紫色のドレス		紫のドレス(tagpair)|紫色のドレス(tagpair)	
55	general	o-ring bikini	Oリングビキニ	mt_verified	Oリングビキニ		Oリングビキニ(mt)	
55	general	cum on legs	脚に精液	mt_unverified	脚に精液		足に精液(tagpair)|足に精子(tagpair)|脚に精液(mt)	mt_unverified
55	general	seductive smile	魅力的な笑顔	mt_unverified	魅力的な笑顔		誘う微笑み(tagpair)|誘惑的な微笑み(tagpair)|魅力的な笑顔(mt)	mt_unverified
55	general	cervix	子宮口	wiki_verified	子宮頸部		子宮口(wiki)	
55	general	mixed-sex bathing	混浴	wiki_verified	男女混浴	水中結合	混浴(wiki)|男女混浴(mt)|水中結合(wiki)	
55	general	anal hair	肛門周りの毛	mt_unverified	肛門周りの毛	肛毛	ケツ毛(wiki)|肛門周りの毛(mt)	mt_unverified
54	general	upside-down	さかさま	wiki_verified	逆さま	さかさま	さかさま(wiki)|逆さま(mt)|逆さ吊り(wiki)	
54	general	braided bangs	編み込み前髪	mt_verified	編み込み前髪		編み込み前髪(tagpair)|編み込みヘア(tagpair)	
54	general	highleg bikini	ハイレッグビキニ	mt_unverified	ハイレッグビキニ	ハイレグビキニ|高叉比基尼	ハイレグビキニ(wiki)|ハイレッグビキニ(mt)|高叉比基尼(wiki)|ハイレグ水着(wiki)	mt_unverified
54	general	christmas	クリスマス	mt_verified	クリスマス	クリスマスイラスト|クリスマス2025|聖誕|聖誕節	クリスマス(wiki)|クリスマスイラスト(wiki)|クリスマス2025(wiki)|聖誕祭(tagpair)	
54	general	twitching penis	ピンク色に脈打つペニス	mt_unverified	ピンク色に脈打つペニス		ピンク色に脈打つペニス(mt)	mt_unverified
54	general	reverse bunnysuit	逆向きバニーソックス	mt_unverified	逆向きバニーソックス	東方逆遊兎	逆バニー(wiki)|逆向きバニーソックス(mt)|東方逆遊兎(wiki)	mt_unverified
54	general	shimaidon (sex)	下着姿	mt_unverified	下着姿		下着姿(mt)|姉妹丼(wiki)	han-outside-inventory;mt_unverified
54	general	thigh sex	ニーハイセックス	mt_unverified	ニーハイセックス	スマタ|太ももコキ|ふとももコキ|素股	すまた(wiki)|太ももコキ(wiki)|ニーハイセックス(mt)|スマタ(wiki)	mt_unverified
54	general	hood up	フードを被る	mt_unverified	フードを被る		フードを被る(tagpair)|フードアップ(tagpair)	mt_unverified
54	general	pink shirt	ピンクシャツ	wiki_verified	ピンクのシャツ		ピンクシャツ(wiki)|ピンクのシャツ(mt)	
54	general	partially unbuttoned	ボタンが少し外れている	mt_unverified	ボタンが少し外れている		半開き(tagpair)|シャツのボタン(tagpair)|ボタンが少し外れている(mt)	sentence-like;mt_unverified
54	general	black tail	黒い尾	mt_verified	黒い尾		黒い尾(mt)|黒尾(tagpair)	
54	general	pokemon (creature)	ポケモン（生物）	mt_unverified	ポケモン（生物）	ポケモン|水タイプ|ポケ獣人|ポケコス	ポケモン（生物）(mt)|ブイズ(wiki)|ポケモン(wiki)|水タイプ(wiki)|ポケモン×人間(tagpair)	mt_unverified
54	general	toeless legwear	靴下なしの脚衣	mt_unverified	靴下なしの脚衣		靴下なしの脚衣(mt)	mt_unverified
54	copyright	boku no hero academia	夢アカ	wiki		ヒロアカ|ヒーロー科女子|僕のヒーローアカデミア|我的英雄学院		
53	general	short ponytail	ショートポニーテール	mt_verified	ショートポニーテール		ショートポニーテール(wiki)|短ポニーテール(tagpair)|短いポニーテール(tagpair)	
53	general	adjusting clothes	服の整え方	mt_unverified	服の整え方		服の整え方(mt)|食い込み直し(wiki)	mt_unverified
53	general	watch	腕時計	tagpair_verified	見る		腕時計(tagpair)|見る(mt)	
53	general	lace panties	レースパンティ	tagpair_verified	レースのパンティー		レースパンティ(tagpair)|レースのパンティー(mt)|レース下着(tagpair)	
53	general	unbuttoned	ボタンが外れた	mt_unverified	ボタンが外れた		ボタン外し(tagpair)|ボタンが外れた(mt)	mt_unverified
53	general	cow print thighhighs	牛柄のニーハイ	mt_unverified	牛柄のニーハイ		牛柄タイツ(tagpair)|牛柄のタイツ(tagpair)|牛柄のニーハイ(mt)	mt_unverified
53	general	reflection	映り込み	wiki_verified	反射	映り込み|鏡に映る女の子|反射|倒影	映り込み(wiki)|反射(tagpair)|鏡越し(wiki)|鏡に映る女の子(wiki)	
53	general	gold trim	金色の装飾	mt_unverified	金色の装飾		金縁(tagpair)|金縁装飾(tagpair)|金色の装飾(mt)	mt_unverified
53	general	round eyewear	丸い眼鏡	mt_unverified	丸い眼鏡	丸眼鏡	丸メガネ(wiki)|丸い眼鏡(mt)|丸眼鏡(wiki)	mt_unverified
53	general	hoop earrings	フープピアス	tagpair_verified	イヤリング		フープピアス(tagpair)|フープイヤリング(tagpair)|イヤリング(mt)	
53	general	one eye covered	片目隠し	tagpair_verified	片目を隠す		片目隠し(tagpair)|片目を隠す(mt)|片目隠しキャラクター(tagpair)	
53	general	cum on stomach	お腹に精液	mt_unverified	お腹に精液		お腹に精液(mt)|腹部に射精(tagpair)|腹部上的精液(wiki)|腹射(tagpair)	mt_unverified
53	general	licking nipple	乳首舐め	wiki_verified	乳首を舐める	乳首舐め|乳首舐め手コキ|乳首舐め手マン	乳首舐め(wiki)|乳首舐め手コキ(wiki)|乳首を舐める(mt)|乳舐め(wiki)	
53	general	freckles	そばかす	mt_verified	そばかす	雀斑	そばかす(wiki)|雀斑(wiki)	
53	general	antlers	角	mt_unverified	角	シカの角|枝角|鹿角	鹿の角(wiki)|シカの角(wiki)|角(tagpair)|枝角(wiki)	mt_unverified
53	general	red thighhighs	赤いニーハイ	mt_unverified	赤いニーハイ		赤いニーハイ(mt)|赤い膝上ストッキング(tagpair)|赤のニーハイソックス(tagpair)	mt_unverified
52	general	finger in another's mouth	他人の口に指を入れる	mt_unverified	他人の口に指を入れる		他人の口に指を入れる(mt)|口内指責め(wiki)	mt_unverified
52	general	stained panties	汚れたパンティー	mt_unverified	汚れたパンティー	汚パンツ	染みパン(wiki)|汚れたパンティー(mt)|汚パンツ(wiki)	mt_unverified
52	general	sitting on lap	膝の上に座る	mt_unverified	膝の上に座る	膝の上に座る	膝の上に座る(wiki)|膝乗り(wiki)|膝の上(tagpair)|膝に座る(tagpair)	mt_unverified
52	general	reverse upright straddle	逆立ち両脚開き	mt_unverified	逆立ち両脚開き	背面坐位	逆立ち両脚開き(mt)|背面座位(wiki)	mt_unverified
52	general	white camisole	白いキャミ	tagpair_verified	白いキャミソール		白いキャミ(tagpair)|白いキャミソール(tagpair)	
52	general	mole on ass	お尻のほくろ	mt_unverified	お尻のほくろ		尻ぼくろ(wiki)|尻のほくろ(tagpair)|お尻のほくろ(mt)	morpheme-family;mt_unverified
52	general	green bikini	緑ビキニ	wiki_verified	緑のビキニ		緑ビキニ(wiki)|緑のビキニ(mt)	
52	general	grass	草	mt_verified	草		草(wiki)	
52	general	red scarf	赤マフラー	wiki_verified	赤いスカーフ		赤マフラー(wiki)|赤いスカーフ(mt)	
52	general	arm strap	アームストラップ	mt_verified	アームストラップ		アームストラップ(tagpair)|腕帯(tagpair)	
52	general	mother and daughter	母と娘	mt_verified	母と娘	母娘|親子|母子|母子相姦	母と娘(wiki)|母娘(wiki)|親子(wiki)	
52	general	lifting person	持ち上げられる人	tagpair_verified	人を持ち上げる		持ち上げられる人(tagpair)|持ち上げる(wiki)|持ち上げられる(tagpair)|人を持ち上げる(mt)	
52	general	animal hood	動物耳フード	tagpair_verified	動物柄のフード	アニマルパーカー	動物耳フード(tagpair)|動物柄のフード(mt)|動物パーカー(wiki)|アニマルパーカー(wiki)|動物フード(tagpair)	
52	general	frilled dress	フリルドレス	mt_verified	フリルドレス		フリルドレス(wiki)	
52	general	untied bikini	緩んだビキニ	mt_unverified	緩んだビキニ		未結のビキニ(tagpair)|結び目なしビキニ(tagpair)|緩んだビキニ(mt)|はだけ(wiki)	mt_unverified
52	general	twitter logo	ツイッターのロゴ	tagpair_verified	twitterのロゴ		ツイッターのロゴ(tagpair)|twitterのロゴ(mt)|ツイッターの鳥(tagpair)	
52	copyright	spy x family	スパイファミリー	wiki		スパイファミリーファンアート		
52	general	10s	10代女性	mt_unverified	10代女性		10代女性(mt)	mt_unverified
52	general	drunk	酔って	wiki_verified	酔っ払い	酔っ払い|泥酔	酔って(wiki)|泥酔(wiki)|酔っ払い(wiki)	
52	general	santa hat	サンタ帽	mt_verified	サンタ帽		サンタ帽(wiki)	
52	general	black background	黒い背景	mt_verified	黒い背景		黒い背景(mt)|黒背景(tagpair)|黒背景色(tagpair)	
52	copyright	toaru majutsu no index	とある魔術の禁書目録	wiki				
52	general	sperm cell	精子細胞	mt_verified	精子細胞		精子細胞(tagpair)|精子(wiki)	
51	general	buttjob	アナルセックス	mt_unverified	アナルセックス		尻コキ(wiki)|アナルセックス(mt)	mt_unverified
51	general	pink dress	ピンクドレス	tagpair_verified	ピンクのドレス		ピンクドレス(tagpair)|ピンクのドレス(tagpair)	
51	general	tinted eyewear	色付き眼鏡	mt_unverified	色付き眼鏡		色付き眼鏡(tagpair)|色付きサングラス(tagpair)	mt_unverified
51	general	stretching	伸び	wiki_verified	伸ばす	ストレッチ|拉伸|伸展	伸び(wiki)|ストレッチ(wiki)|拉伸(wiki)|伸ばす(mt)	
51	general	red jacket	赤いジャケット	mt_verified	赤いジャケット		赤いジャケット(tagpair)|赤のジャケット(tagpair)	
51	general	averting eyes	目をそらす	mt_unverified	目をそらす	目を逸らす|目をそらす	目逸らし(wiki)|目を逸らす(wiki)|目をそらす(wiki)	mt_unverified
51	general	purple panties	紫色のパンティー	mt_verified	紫色のパンティー	紫下着	紫色のパンティー(mt)|紫パンツ(wiki)|紫下着(wiki)	
51	general	wristband	ブレスレット	mt_unverified	ブレスレット		リストバンド(wiki)|ブレスレット(mt)	mt_unverified
51	general	low twin braids	低いツインテール	mt_unverified	低いツインテール		低めツインテール(tagpair)|低いツインテール(mt)|低位置ツインテール(tagpair)	mt_unverified
51	general	asymmetrical legwear	非対称なニーハイ	mt_unverified	非対称なニーハイ		非対称な靴下(tagpair)|非対称なズボン(tagpair)|非対称なニーハイ(mt)	mt_unverified
51	general	double handjob	両手でのハンドジャック	mt_unverified	両手でのハンドジャック	双重手淫	双重手淫(wiki)|両手に茎(wiki)|両手でのハンドジャック(mt)	mt_unverified
51	general	waist apron	ウエストエプロン	mt_unverified	ウエストエプロン		ウエストエプロン(wiki)	mt_unverified
51	general	nurse cap	看護師帽	mt_unverified	看護師帽		ナースキャップ(wiki)|看護師帽(mt)	mt_unverified
51	general	cape	ケープ	wiki_verified	マント	披風	ケープ(wiki)|披風(wiki)|マント(mt)	
51	general	colored pubic hair	色付き陰毛	tagpair_verified	色付きの陰毛		色付き陰毛(tagpair)|色付きの陰毛(mt)|色付きのパブリックヘア(tagpair)	
51	general	!?	!?	mt_unverified	!?		!?(mt)	mt_unverified
50	general	feathered wings	羽毛の翼	tagpair_verified	羽の翼		羽毛の翼(tagpair)|羽の翼(mt)	
50	general	skirt pull	スカート引き	mt_verified	スカート引き	スカート下ろし	スカート引き(mt)|スカートおろし(wiki)|スカート下ろし(wiki)	
50	general	before and after	ビフォーアフター	wiki_verified	前後	劇的ビフォーアフター	ビフォーアフター(wiki)|前後(mt)|劇的ビフォーアフター(wiki)	
50	general	surgical mask	サージカルマスク	wiki_verified	手術用マスク	サージカルマスク	サージカルマスク(wiki)|手術用マスク(mt)|衛生マスク(wiki)	
50	general	toilet	トイレ	mt_verified	トイレ	洋式トイレ|洋式|便器	トイレ(wiki)|便器(tagpair)|洋式トイレ(wiki)|洋式(wiki)	
50	general	head wings	頭部の翼	mt_verified	頭部の翼		頭部の翼(mt)|頭羽(wiki)	
50	general	split mouth	口を裂くように開ける	mt_unverified	口を裂くように開ける		口を裂くように開ける(mt)|口割れ(tagpair)|口割れ線(tagpair)	mt_unverified
50	general	red shirt	赤シャツ	wiki_verified	赤いシャツ	赤いシャツ	赤シャツ(wiki)|赤いシャツ(wiki)	
50	general	bikini bottom only	ビキニボトムのみ	tagpair_verified	ビキニの下だけ		ビキニボトムのみ(tagpair)|ビキニボトム(tagpair)|ビキニの下だけ(mt)	
50	general	bath	お風呂	wiki_verified	入浴	おふろ|風呂	お風呂(wiki)|おふろ(wiki)|入浴(mt)|風呂(wiki)	
50	general	pout	不機嫌顔	mt_unverified	不機嫌顔	「ぷー」とふくらんで	ふくれっ面(wiki)|「ぷー」とふくらんで(wiki)|不機嫌顔(mt)	mt_unverified
50	general	gem	宝石	mt_unverified	宝石		宝石(wiki)	mt_unverified
50	general	after ejaculation	射精後	mt_verified	射精後	ズリ事後|ザーメンブリッジ	射精後(mt)|ズリ事後(wiki)|パイ射(wiki)|ザーメンブリッジ(wiki)	
50	general	swimsuit aside	水着を外す	mt_unverified	水着を外す		水着を外す(mt)|股布ずらし(wiki)	mt_unverified
50	general	brooch	ブローチ	mt_verified	ブローチ		ブローチ(wiki)	
50	general	fucked silly	めちゃくちゃにされた	mt_unverified	めちゃくちゃにされた		んほぉ系(wiki)|めちゃくちゃにされた(mt)	mt_unverified
50	general	1futa	1人2体	mt_unverified	1人2体		1人2体(mt)	mt_unverified
49	general	one-piece swimsuit pull	ワンピース水着引き	tagpair_verified	ワンピース水着の引き紐		ワンピース水着引き(tagpair)|ワンピース水着引き下げ(tagpair)|ワンピース水着の引き紐(mt)	
49	general	colored eyelashes	カラーまつ毛	wiki_verified	色付きまつげ	彩睫|彩色睫毛	カラーまつ毛(wiki)|色付き睫毛(tagpair)|色付きまつげ(tagpair)	
49	general	dragon tail	ドラゴンの尾	tagpair_verified	ドラゴンテール		ドラゴンの尾(tagpair)|ドラゴンの尾部(tagpair)|ドラゴンテール(mt)	
49	general	holding weapon	武器を持つ	mt_verified	武器を持つ		武器を持つ(tagpair)|武器保持(tagpair)	
49	general	white collar	白い襟	mt_verified	白い襟		白い襟(tagpair)|白い襟付き(tagpair)	
49	general	flashing	閃光	mt_verified	閃光	見せパン|パンツは見せつけるもの|私密露出	閃光(mt)|パンモロ(wiki)|見せパン(wiki)|パンツは見せつけるもの(wiki)|チラ見せ(tagpair)	
49	general	tissue box	ティッシュケース	tagpair_verified	ティッシュボックス		ティッシュケース(tagpair)|ティッシュボックス(tagpair)	
49	general	bags under eyes	目の下のクマ	mt_unverified	目の下のクマ	隈|眼袋|黑眼圈	目のクマ(wiki)|目の下のクマ(tagpair)|目の下にクマ(tagpair)|眼袋(wiki)|隈(wiki)	mt_unverified
49	general	sparse pubic hair	薄い恥毛	mt_unverified	薄い恥毛	ロリ陰毛|アンダーヘア	ロリ陰毛(wiki)|薄い恥毛(mt)|アンダーヘア(wiki)|生えかけ(wiki)	mt_unverified
49	general	sample watermark	サンプルウォーターマーク	mt_verified	サンプルウォーターマーク		サンプルウォーターマーク(mt)	sentence-like
49	general	purple thighhighs	紫色のニーハイ	mt_unverified	紫色のニーハイ		紫のタイツ(tagpair)|紫のサイハイブーツ(tagpair)|紫色のニーハイ(mt)	mt_unverified
49	general	pee	おしっこ	mt_unverified	おしっこ		おしっこ(mt)|尿(wiki)	mt_unverified
49	character	hikari (blue archive)	ヒカリ	wiki		橘ヒカリ|シュポガキ|橘光		
49	general	deepthroat	ディープスロート	mt_verified	ディープスロート	ディープスロート|深喉	ディープスロート(wiki)|イラマチオ(wiki)	
49	general	irrumatio	乱入	mt_unverified	乱入	イマラチオ|イラマチオハンドル|被迫口交	イラマチオ(wiki)|イマラチオ(wiki)|イラマチオハンドル(wiki)|乱入(mt)	mt_unverified
49	general	rough sex	乱暴なセックス	mt_verified	乱暴なセックス	暴力的なセックス	乱暴なセックス(mt)|暴力的なセックス(wiki)|首絞めックス(wiki)	
48	general	heart in eye	目にハート	mt_unverified	目にハート	目がハート|目にハート	ハート目(wiki)|目がハート(wiki)|目にハート(wiki)|ハート形の瞳(tagpair)	mt_unverified
48	general	wristwatch	時計	mt_unverified	時計	腕時計	時計(mt)|手表(wiki)|腕時計(wiki)	mt_unverified
48	general	half updo	ハーフアップ	mt_unverified	ハーフアップ	ハーフアップ	ハーフアップ(wiki)|お嬢様結び(wiki)	mt_unverified
48	general	vest	背心	wiki_verified	ベスト	背心	背心(wiki)|ベスト(wiki)	
48	general	single glove	片方の手袋	mt_unverified	片方の手袋		片方の手袋(mt)|片手グローブ(tagpair)|片手手袋(tagpair)	mt_unverified
48	general	out-of-frame censoring	枠外修正あり	mt_unverified	枠外修正あり	カメラさんもっと下!|カメラさんもうちょっと下	枠外修正あり(mt)|カメラさんもっと下(wiki)|カメラさんもっと下!(wiki)|カメラさんもうちょっと下(wiki)	mt_unverified
48	general	fishnet pantyhose	網タイツ	mt_unverified	網タイツ		網タイツ(wiki)	mt_unverified
48	general	orgy	群交	mt_unverified	群交	男女女男	群交(mt)|乱交(wiki)|男女女男(wiki)	han-outside-inventory;mt_unverified
48	general	very sweaty	汗だく	mt_unverified	汗だく	滴る汗|大量出汗	汗だく(wiki)|汗まみれ(tagpair)|滴る汗(wiki)|大量出汗(wiki)	mt_unverified
48	general	father and child	父と子	mt_unverified	父と子	親子	父と子(tagpair)|父子(wiki)|親子(wiki)|父と子関係(tagpair)	mt_unverified
48	copyright	comic kairakuten	コミック快楽天	wiki		快楽天|COMIC快楽天		
47	general	hand on own thigh	自分の太ももに手を置く	mt_unverified	自分の太ももに手を置く		太ももに手を置く(tagpair)|自分の太ももに手を置く(tagpair)	mt_unverified
47	general	maebari	まえばり	wiki_verified	前原り	前バリ|まえばり|陰貼	まえばり(wiki)|前貼り(wiki)|前バリ(wiki)|前原り(mt)	
47	general	holding condom	コンドームを持つ	mt_unverified	コンドームを持つ		コンドーム保持(tagpair)|コンドームを持つ(mt)|コンドームを持っている(tagpair)	mt_unverified
47	general	aqua nails	アクアネイル	tagpair_verified	水色のネイル		アクアネイル(tagpair)|アクアネイルアート(tagpair)|水色指甲(wiki)|水色のネイル(mt)	
47	general	pussy juice stain	愛液のシミ	mt_unverified	愛液のシミ		マン汁染み付き(tagpair)|愛液のシミ(mt)|マン汁染み(tagpair)	mt_unverified
47	general	tatami	畳	mt_unverified	畳		畳(wiki)	han-outside-inventory;mt_unverified
47	general	hand on own face	自分の顔に手を当てる	mt_unverified	自分の顔に手を当てる		手で顔を覆う(tagpair)|自分の顔に手を当てる(mt)	mt_unverified
47	general	suit	スーツ	mt_verified	スーツ	スーツ女子|3ピーススーツ|3ピース・スーツ|スリーピーススーツ	スーツ(wiki)|西装(tagpair)|スーツ女子(wiki)|3ピーススーツ(wiki)	
47	general	suspenders	サスペンダー	wiki_verified	ベルト		サスペンダー(wiki)|ベルト(mt)	
47	general	hands on own hips	双手叉腰	wiki_verified	腰に手を当てる	双手叉腰	双手叉腰(wiki)|腰に手(wiki)|腰に手を当てる(mt)	
47	general	yellow bikini	黄色ビキニ	wiki_verified	黄色いビキニ		黄色ビキニ(wiki)|黄色いビキニ(mt)	
47	general	split-color hair	ツートンカラーの髪	mt_unverified	ツートンカラーの髪		ツートンカラーの髪(mt)	mt_unverified
47	general	asymmetrical docking	非対称ドッキング	mt_unverified	非対称ドッキング	胸合わせ|おっぱいキス	非対称ドッキング(mt)|乳合わせ(wiki)|胸合わせ(wiki)|おっぱいキス(wiki)	mt_unverified
47	character	suou yuki	周防有希	wikidata		周防有希(ロシデレ)|周防_有希		
47	general	blue background	青い背景	mt_verified	青い背景		青い背景(mt)|ブルーバック(wiki)	
47	general	fivesome	5人組	mt_unverified	5人組		5人組(mt)	mt_unverified
47	general	santa costume	サンタ服	wiki_verified	サンタコスチューム	サンタ服|サンタ娘|サンタ衣装|サンタコス	サンタ服(wiki)|サンタ衣装(tagpair)|サンタコスチューム(mt)|サンタ(wiki)|サンタ娘(wiki)	
47	general	father and daughter	父と娘	mt_verified	父と娘	父子|親子	父と娘(mt)|父娘(wiki)|父子(wiki)|親子(wiki)	
47	general	bathing	入浴	mt_verified	入浴	入浴	入浴(wiki)|水浴び(wiki)	
47	general	nipple piercing	乳首ピアス	mt_unverified	乳首ピアス	乳環	乳首ピアス(wiki)|乳環(wiki)	mt_unverified
47	general	full nelson	フルネルソン	mt_verified	フルネルソン		フルネルソン(wiki)	
47	general	!	！	mt_unverified	！		びっくりマーク(tagpair)|！(mt)|感嘆符(tagpair)	mt_unverified
47	general	hand on another's thigh	太ももの上に手	tagpair_verified	他人の太ももに手を置く		太ももの上に手(tagpair)|太ももの上に手を置く(tagpair)|他人の太ももに手を置く(mt)	
47	general	tape	テープ	mt_verified	テープ		テープ(wiki)|カセットテープ(tagpair)	
47	general	trap	罠	mt_verified	罠	わぁい|だが男だ|おとこの娘|おとこのこ	罠(mt)|男の娘(wiki)|わぁい(wiki)|だが男だ(wiki)	han-outside-inventory
47	general	brown gloves	茶色の手袋	tagpair_verified	茶色い手袋	褐色手套	茶色の手袋(tagpair)|茶色い手袋(mt)	
47	copyright	megido72	メギド72	wiki		メギド【腐】		
46	general	straw hat	麦わら帽子	mt_verified	麦わら帽子	草帽	麦わら帽子(wiki)|草帽(wiki)	
46	general	high-waist skirt	ハイウエストスカート	wiki_verified	ウエストの高いスカート	ハイウエストサスペンダースカート	ハイウエストスカート(wiki)|ウエストの高いスカート(mt)|ハイウエストサスペンダースカート(wiki)	
46	general	frontal wedgie	正面からのウェッジ	mt_unverified	正面からのウェッジ		股布食い込ませ(wiki)|前ウェッジ(tagpair)|フロントウェッジ(tagpair)|正面からのウェッジ(mt)	mt_unverified
46	general	black sweater	黒のセーター	tagpair_verified	黒いセーター		黒のセーター(tagpair)|黒いセーター(tagpair)	
46	general	jeans	ジーンズ	mt_verified	ジーンズ	ジーパン|ジーンズ/jeans	ジーンズ(wiki)|ジーパン(wiki)|ジーンズ/jeans(wiki)	
46	general	green skirt	緑のスカート	mt_verified	緑のスカート		緑のスカート(tagpair)|緑のミニスカート(tagpair)	
46	copyright	senran kagura new link	シノマス	wiki		シノビマスター|閃乱カグラNewLink|シノビマスター閃乱カグラNewLink		
46	general	curled horns	巻き毛の角	mt_unverified	巻き毛の角		巻き毛の角(mt)|巻き角(tagpair)|巻き角の(tagpair)	mt_unverified
46	general	green jacket	緑のジャケット	mt_verified	緑のジャケット		緑のジャケット(mt)|緑ブレザー(wiki)	
46	general	white wings	白い翼	mt_verified	白い翼		白い翼(tagpair)|白い羽根(tagpair)	
46	general	footjob	フットジョブ	mt_verified	フットジョブ	足交	フットジョブ(mt)|足コキ(wiki)|足交(wiki)	
46	general	light particles	光の粒	tagpair_verified	光の粒子		光の粒(tagpair)|光の粒子(tagpair)	
46	character	ako (blue archive)	天雨アコ	wikidata		アコ|逆アコ		
46	general	black necktie	黒いネクタイ	mt_unverified	黒いネクタイ		黒ネクタイ(tagpair)|黒のネクタイ(tagpair)|黒いネクタイ(mt)	mt_unverified
46	general	eyebrows hidden by hair	髪で隠れた眉毛	tagpair_verified	髪で隠された眉		髪で隠れた眉毛(tagpair)|髪で隠れた眉(tagpair)|髪で隠された眉(mt)	
46	general	fur collar	毛皮の襟	mt_verified	毛皮の襟		毛皮の襟(tagpair)|毛皮襟(tagpair)	
46	general	strawberry hair ornament	イチゴの髪飾り	mt_verified	イチゴの髪飾り		イチゴの髪飾り(tagpair)|イチゴのヘアピン(tagpair)	
46	general	old	年配の	mt_unverified	年配の		年配の(mt)|老年(tagpair)|高齢者(tagpair)	mt_unverified
46	general	pale skin	色白の肌	mt_unverified	色白の肌		色白の肌(mt)|色白(wiki)	mt_unverified
46	character	nozomi (blue archive)	ノゾミ	wiki		橘ノゾミ|シュポガキ|橘望		
46	general	fat mons	太った男	mt_unverified	太った男	盛りマン|モリマン|もりまん	太った男(mt)|ぷにまん(wiki)|盛りマン(wiki)|モリマン(wiki)	mt_unverified
46	copyright	dohna dohna issho ni warui koto o shiyou	ドーナドーナ	wiki		ドーナドーナいっしょにわるいことをしよう		
45	general	jitome	ジトメ	mt_verified	ジトメ	冷眼	ジトメ(mt)|ジト目(wiki)|冷眼(wiki)	
45	general	bra visible through clothes	服の隙間から見えるブラジャー	mt_verified	服の隙間から見えるブラジャー	スケブラ|透け下着	服の隙間から見えるブラジャー(mt)|透けブラ(wiki)|透け下着(wiki)|スケブラ(wiki)	sentence-like
45	general	frilled apron	フリル付きエプロン	mt_unverified	フリル付きエプロン		フリルエプロン(tagpair)|フリル付きエプロン(tagpair)	mt_unverified
45	general	purple bra	紫ブラ	wiki_verified	紫色のブラジャー	紫下着	紫ブラ(wiki)|紫色のブラジャー(mt)|紫下着(wiki)	
45	general	print panties	パンティーをプリントする	mt_verified	パンティーをプリントする	フロントプリント	パンティーをプリントする(mt)|フロントプリント(wiki)|バックプリント(wiki)	sentence-like
45	general	box	ボックス	wiki_verified	箱	箱	ボックス(wiki)|箱(wiki)|箱型(tagpair)	
45	general	beads	ビーズ	mt_verified	ビーズ	珠子	ビーズ(wiki)|珠子(wiki)|ビーズアクセサリー(tagpair)	
45	copyright	love live! nijigasaki high school idol club	虹ヶ咲	wiki		アニガサキ|ラブライブ!PDP|虹ヶ咲学園スクールアイドル同好会|ラブライブ_虹ヶ咲学園スクールアイドル同好会		
45	general	clenched hands	握りしめた手	mt_unverified	握りしめた手	握り拳|拳	握りしめた手(mt)|グー(wiki)|握り拳(wiki)|拳(wiki)	mt_unverified
45	general	reclining	リクライニング	tagpair_verified	もたれる	寄りかかる|もたれかかる|リクライニング	リクライニング(tagpair)|抱き寄せる(wiki)|寄りかかる(wiki)|横になる(tagpair)|もたれる(mt)	
45	general	paizuri under clothes	服の下のパイズリ	mt_unverified	服の下のパイズリ	水着パイズリ|ブラ着パイズリ	服の下のパイズリ(mt)|着衣パイズリ(wiki)|水着パイズリ(wiki)|ブラ着パイズリ(wiki)	mt_unverified
45	general	bandaged arm	包帯腕	tagpair_verified	包帯を巻いた腕		包帯腕(tagpair)|包帯を巻いた腕(mt)|包帯巻腕(tagpair)	han-outside-inventory
45	general	necktie between breasts	巨乳の間のネクタイ	mt_unverified	巨乳の間のネクタイ	谷間ネクタイ	巨乳の間のネクタイ(mt)|ネクパイ(wiki)|谷間ネクタイ(wiki)	injected-word;mt_unverified
45	general	index finger raised	人差し指を立てる	mt_unverified	人差し指を立てる		人差し指を立てる(tagpair)|指を立てる(tagpair)	mt_unverified
45	general	male underwear	男性用下着	mt_unverified	男性用下着		男性用下着(tagpair)|男性下着(tagpair)	mt_unverified
45	general	stray pubic hair	チン毛	wiki_verified	余分な陰毛	抜け陰毛|チン毛付きフェラ	チン毛(wiki)|抜け陰毛(wiki)|余分な陰毛(mt)|チン毛付きフェラ(wiki)	
45	general	novelty censor	新規性修正あり	mt_unverified	新規性修正あり		ユーモア修正(tagpair)|ユーモア検閲(tagpair)|新規性修正あり(mt)	mt_unverified
45	general	angry	怒っている	mt_verified	怒っている	怒り顔|憤怒	怒っている(mt)|怒り顔(wiki)|怒り(wiki)	sentence-like
45	character	nanami (mignon)	教え子七海	wiki				
45	general	old man	じじい	wiki_verified	老人	オッサン|おじさん|おっさん|おじいさん	じじい(wiki)|オッサン(wiki)|おじさん(wiki)|老人(mt)	
44	general	striped bowtie	ストライプのボウタイ	tagpair_verified	ストライプの蝶ネクタイ		ストライプのボウタイ(tagpair)|ストライプのネクタイ(tagpair)|ストライプの蝶ネクタイ(mt)	
44	general	5girls	女の子5人	mt_unverified	女の子5人		5人の女性(tagpair)|5人の女の子(tagpair)|女の子5人(mt)	mt_unverified
44	general	bare back	裸の背中	mt_unverified	裸の背中	ぱっくり背中|光背	ぱっくり背中(wiki)|裸の背中(mt)|ベアバック(wiki)|光背(wiki)	mt_unverified
44	general	leaf	葉	mt_verified	葉	木の葉|葉|叶|叶子	葉(wiki)|葉っぱ(wiki)|木の葉(wiki)	
44	general	multicolored bikini	多色ビキニ	tagpair_verified	カラフルなビキニ		多色ビキニ(tagpair)|カラフルなビキニ(mt)	
44	general	red flower	赤い花	mt_verified	赤い花		赤い花(tagpair)	
44	copyright	saenai heroine no sodatekata	冴えカノ	wiki		冴えない彼女|冴えない彼女の育て方|冴えない彼女の育てかた|さえないヒロインのそだてかた		
44	general	pink jacket	ピンクジャケット	tagpair_verified	ピンクのジャケット		ピンクジャケット(tagpair)|ピンクのジャケット(tagpair)	
44	character	roxy migurdia	ロキシー・ミグルディア	wikidata		ロキシー|ロキシー・グレイラット|洛克希		
44	general	frilled skirt	フリルスカート	mt_unverified	フリルスカート		フリルスカート(tagpair)	mt_unverified
44	general	zettai ryouiki	絶対楽園	mt_unverified	絶対楽園		絶対楽園(mt)|絶対領域(wiki)	mt_unverified
44	general	meme	ミーム	mt_verified	ミーム	海外ミーム|インターネットミーム|梗|模因	ミーム(wiki)|インターネットミーム(wiki)|海外ミーム(wiki)	
44	character	nakano ichika	中野一花	wikidata				
44	general	goggles on head	ゴーグル頭	tagpair_verified	頭にゴーグルを着用		ゴーグル頭(tagpair)|ゴーグル頭装着(tagpair)|頭にゴーグルを着用(mt)	
44	general	green bow	緑のリボン	mt_unverified	緑のリボン		緑のリボン(tagpair)|緑の髪飾り(tagpair)	mt_unverified
44	general	crown braid	クラウンブレイド	mt_unverified	クラウンブレイド		クラウンブレイド(wiki)	mt_unverified
44	general	eating	食べる	mt_verified	食べる	もぐもぐ|食事	食べる(wiki)|もぐもぐ(wiki)|食事(wiki)	
44	general	one-hour drawing challenge	1時間絵描きチャレンジ	mt_verified	1時間絵描きチャレンジ	わんどろ|ジョジョワンドロ|ワンドロウィッチーズ|お絵描き60分一本勝負	1時間絵描きチャレンジ(mt)|深夜の真剣お絵描き60分一本勝負(tagpair)|ワンドロ(wiki)|わんどろ(wiki)|ジョジョワンドロ(wiki)	
44	general	imminent rape	間もなく起こる強姦	mt_unverified	間もなく起こる強姦	レイプフラグ	即レイプ(wiki)|レイプフラグ(wiki)|間もなく起こる強姦(mt)	mt_unverified
44	general	controller	コントローラー	mt_verified	コントローラー		コントローラー(tagpair)|コントロールパネル(tagpair)	
44	general	torn thighhighs	破れたニーハイ	mt_unverified	破れたニーハイ		破れたニーハイ(mt)	mt_unverified
44	general	tile wall	タイル張りの壁	mt_verified	タイル張りの壁		タイル張りの壁(mt)	
44	general	skin tight	ぴったりとした服	mt_unverified	ぴったりとした服	ぴっちりスーツ	ぴっちり(wiki)|ぴっちりスーツ(wiki)|ぴったりとした服(mt)	mt_unverified
44	general	unaligned breasts	ずれた巨乳	mt_unverified	ずれた巨乳		不整列な胸(tagpair)|不整列な乳房(tagpair)|ずれた巨乳(mt)	injected-word;mt_unverified
44	general	dragon print	ドラゴン柄	mt_unverified	ドラゴン柄		ドラゴン柄(tagpair)|ドラゴン模様(tagpair)	mt_unverified
44	general	tiger ears	虎耳	mt_unverified	虎耳	虎耳	虎耳(wiki)|トラ耳(wiki)	mt_unverified
44	general	6+girls	6人以上の女の子1人	mt_unverified	6人以上の女の子1人		6人以上の女の子1人(mt)|6人以上の女性キャラクター(tagpair)	mt_unverified
44	general	egg vibrator	卵型バイブレーター	mt_unverified	卵型バイブレーター	ピンクローター	卵型バイブレーター(mt)|ローター(wiki)|ピンクローター(wiki)	mt_unverified
43	general	outstretched arms	両腕を広げる	mt_unverified	両腕を広げる	伸手	手を広げる(wiki)|両腕を広げる(mt)|伸手(wiki)	mt_unverified
43	general	puffy long sleeves	ふっくらした長袖	mt_unverified	ふっくらした長袖		ふんわり長袖(tagpair)|ふっくらした長袖(mt)|ふんわり袖(tagpair)	mt_unverified
43	general	bike shorts	バイクショーツ	mt_verified	バイクショーツ	裸スパッツ|制服スパッツ|レーサーパンツ|ショートスパッツ	バイクショーツ(mt)|スパッツ(wiki)|裸スパッツ(wiki)|制服スパッツ(wiki)|レーサーパンツ(tagpair)	
43	general	gym shirt	トレーナー	mt_unverified	トレーナー		運動シャツ(tagpair)|ジムシャツ(tagpair)|トレーナー(mt)	mt_unverified
43	general	white sweater	白いセーター	mt_verified	白いセーター		白いセーター(tagpair)|白いスウェット(tagpair)	
43	general	white shorts	白のショートパンツ	tagpair_verified	白いショートパンツ		白のショートパンツ(tagpair)|白いショートパンツ(tagpair)	
43	general	handbag	ハンドバッグ	mt_verified	ハンドバッグ		ハンドバッグ(tagpair)|手提包(wiki)	
43	general	hair tie	ヘアゴム	mt_verified	ヘアゴム	ヘアゴム	ヘアゴム(wiki)|髪留め(wiki)|咥え髪留め(tagpair)	
43	general	black coat	黒コート	tagpair_verified	黒いコート		黒コート(tagpair)|黒いコート(tagpair)	
43	general	clothes writing	服装の記述	mt_unverified	服装の記述		服装の記述(mt)|文字Tシャツ(wiki)	mt_unverified
43	general	sword	剣	mt_verified	剣	剣|大刀|刀剣|大剣	剣(wiki)|グレートソード(wiki)|大刀(wiki)|刀剣(tagpair)	
43	general	logo	ロゴ	mt_verified	ロゴ		ロゴ(wiki)	
43	general	green panties	緑のパンティ	tagpair_verified	緑のパンティー		緑のパンティ(tagpair)|緑のパンティー(mt)|緑色のショーツ(tagpair)	
43	general	purple bikini	紫ビキニ	wiki_verified	紫色のビキニ	紫水着	紫ビキニ(wiki)|紫色のビキニ(mt)|紫水着(wiki)	
43	general	peaked cap	ピークキャップ	mt_verified	ピークキャップ	官帽	ピークキャップ(mt)|かんぼう(wiki)|官帽(wiki)	
43	general	hair over eyes	目隠しの髪	mt_unverified	目隠しの髪	両目隠れ|メカクレ|前髪に目が隠れてるの正義	目隠しの髪(mt)|両目隠れ(wiki)|前髪に目が隠れてるの正義(tagpair)|目隠れ(wiki)|メカクレ(wiki)	mt_unverified
43	general	hugging object	抱きしめている対象物	mt_verified	抱きしめている対象物		抱きしめている対象物(mt)|抱える(wiki)|抱き枕(tagpair)|抱きしめる物(tagpair)	
43	general	tube top	チューブトップ	wiki_verified	トップス	チューブトップビキニ|抹胸	チューブトップ(wiki)|チューブトップビキニ(wiki)|トップス(mt)	
43	general	gagged	口を塞がれた	mt_unverified	口を塞がれた		猿ぐつわ(tagpair)|口を塞がれた(mt)	mt_unverified
43	general	covering crotch	股間を隠す	mt_unverified	股間を隠す		股に手(wiki)|股間を隠す(mt)	mt_unverified
43	general	annoyed	イライラ	wiki_verified	イラつく		イライラ(wiki)|イラつく(mt)|苛立ち(tagpair)	
43	character	ceres fauna	セレス・ファウナ	wiki				
43	general	adapted costume	改変されたコスチューム	mt_unverified	改変されたコスチューム		衣装アレンジ(wiki)|改変されたコスチューム(mt)	mt_unverified
43	general	lollipop	ロリポップ	mt_unverified	ロリポップ	ロリポップ|ペロキャン|棒付きキャンディ|ペロペロキャンディー	ぼうあめ(wiki)|ロリポップ(wiki)|ペロキャン(wiki)|棒付きキャンディ(tagpair)	mt_unverified
43	general	white sleeves	白い袖	mt_verified	白い袖		白い袖(tagpair)|白い袖口(tagpair)	
43	general	futa with female	女性がいる二人組	mt_unverified	女性がいる二人組	ふたゆり|ふたなりレズセックス	ふた×女(wiki)|ふたゆり(wiki)|ふたなりレズセックス(wiki)|女性がいる二人組(mt)	mt_unverified
43	general	bodystocking	ボディストッキング	mt_unverified	ボディストッキング	ボディストッキング	全身タイツ(wiki)|ボディストッキング(wiki)	mt_unverified
43	general	red buruma	赤いブルマ	mt_unverified	赤いブルマ		赤ブルマ(wiki)|赤いブルマ(mt)	mt_unverified
43	copyright	toaru kagaku no railgun	とある科学の超電磁砲	wiki		とある科学の携帯怪獣		
43	general	spooning	スプーン姿勢	mt_unverified	スプーン姿勢	側位	スプーン姿勢(mt)|つばめ返し(wiki)|松葉崩し(tagpair)	mt_unverified
43	character	zuikaku (kancolle)	瑞鶴(艦これ)	wiki		瑞鶴(艦隊これくしょん)|瑞鶴|年中瑞加賀祭		
43	general	after anal	アナル後	mt_verified	アナル後		アナル後(tagpair)|後背位(tagpair)	
43	copyright	sengoku collection	戦コレ	wiki		戦国コレクション|戦コレイラコン3ファンアート|戦コレイラコン3オリジナル武将		
42	character	hina (blue archive)	空崎ヒナ	wikidata		ヒナ|終幕:デストロイヤー|日奈|空崎日奈		
42	character	hoshino (blue archive)	小鳥遊ホシノ	wikidata		ホシノ|暁のホルス|ホシノ(ブルアカ)|小鳥遊ホシノ(過去)		
42	general	spaghetti strap	スパゲッティストラップ	wiki_verified	ストラップ付きブラジャー	スパゲッティストラップ	スパゲッティストラップ(wiki)|ストラップ付きブラジャー(mt)|キャミソールドレス(wiki)	
42	general	downblouse	ブラジャー見せ	mt_unverified	ブラジャー見せ	胸部走光	胸チラ(wiki)|ブラジャー見せ(mt)|胸部走光(wiki)	mt_unverified
42	general	white tank top	白のタンクトップ	tagpair_verified	白いタンクトップ		白のタンクトップ(tagpair)|白いタンクトップ(tagpair)	
42	general	high heel boots	ハイヒールブーツ	mt_verified	ハイヒールブーツ		ハイヒールブーツ(mt)	
42	general	red neckwear	赤いネックウェア	mt_verified	赤いネックウェア		赤いネックウェア(mt)|赤いリボン(tagpair)|赤いネクタイ(tagpair)|赤いボウタイ(tagpair)	
42	general	formal clothes	フォーマルな服	mt_verified	フォーマルな服	正装	フォーマルな服(mt)|フォーマル(wiki)|正装(wiki)	
42	general	ribbed sweater	リブ入りセーター	mt_verified	リブ入りセーター	たてセタ|リブ生地|縦セーター|リブニット	リブ入りセーター(mt)|リブ生地(wiki)|縦セーター(tagpair)|縦セタ(wiki)|たてセタ(wiki)	
42	general	head rest	ヘッドレスト	mt_unverified	ヘッドレスト		頬杖(tagpair)|ヘッドレスト(mt)	mt_unverified
42	character	gawr gura	がうる・ぐら	wikidata		がうるぐら		
42	character	inoue takina	井ノ上たきな	wikidata		ちさたき|たきちさ|蒲焼太郎		
42	general	drink can	飲料缶	mt_verified	飲料缶	缶飲料	飲料缶(mt)|缶飲料(wiki)|缶ジュース(wiki)|缶コーヒー(tagpair)	han-outside-inventory
42	general	prostitution	売春	mt_verified	売春	デリヘル|コールガール|デリバリーヘルス|売春	売春(tagpair)|パパ活(wiki)|デリヘル(wiki)|コールガール(wiki)	han-outside-inventory
42	general	tray	トレイ	mt_verified	トレイ		トレイ(mt)|お盆(wiki)	
42	general	folded ponytail	折りたたんだポニーテール	tagpair_verified	折りたたみポニーテール		折りたたんだポニーテール(tagpair)|折りたたみポニテ(wiki)|折りたたみポニーテール(mt)|折りたたんだお団子ヘア(tagpair)	
42	general	criss-cross halter	クロス型ハルター	mt_unverified	クロス型ハルター	クロスホルタービキニ	クロスホルターネック(wiki)|クロス型ハルター(mt)|クロスホルタービキニ(wiki)	mt_unverified
42	general	popsicle	アイスキャンディー	mt_unverified	アイスキャンディー	棒アイス|アイスキャンデー|アイスキャンディー	アイス(wiki)|棒アイス(wiki)|アイスキャンデー(wiki)|アイスキャンディー(tagpair)	mt_unverified
42	character	keqing (genshin impact)	刻晴	wiki_han		刻甘|刻晴(原神)		
42	character	yor briar	ヨル・フォージャー	wikidata		いばら姫|ロイヨル|ヨル・ブライア|部屋着ヨルさん		
42	general	camisole lift	キャミソール持ち上げ	tagpair_verified	キャミソールの持ち上げ		キャミソール持ち上げ(tagpair)|キャミソールの持ち上げ(mt)|キャミソール引き上げ(tagpair)	
42	general	head grab	頭を掴む	mt_verified	頭を掴む		頭を掴む(mt)|頭掴み(tagpair)	
42	copyright	fate/kaleid liner prisma illya	プリズマ☆イリヤ	wiki		イリヤスフィール(プリズマ☆イリヤ)|Fate/kaleidlinerプリズマ☆イリヤ		
42	character	kaede (blue archive)	勇美カエデ	wikidata		カエデ(ブルーアーカイブ)		
41	general	spread toes	足の指を広げる	mt_unverified	足の指を広げる		足の指を広げる(mt)|足を開く(tagpair)|足を広げる(tagpair)|足くぱぁ(wiki)	mt_unverified
41	general	white kimono	白い和服	mt_verified	白い和服	白色和服	白い和服(mt)|白和服(wiki)|白色和服(wiki)|白着物(tagpair)|白きもの(tagpair)	
41	general	shaded face	陰影付きの顔	mt_verified	陰影付きの顔		陰影付きの顔(mt)|影のある顔(tagpair)|影のある表情(tagpair)	
41	general	yokozuwari	横ズワリ	mt_unverified	横ズワリ		横座り(wiki)|横ズワリ(mt)	mt_unverified
41	general	happy	ハッピー	wiki_verified	楽しそう		ハッピー(wiki)|楽しそう(mt)	
41	general	beachball	ビーチボール	mt_unverified	ビーチボール		ビーチボール(wiki)	mt_unverified
41	general	purple ribbon	紫色の紐	tagpair_verified	紫色のリボン		紫色の紐(tagpair)|紫のリボン(tagpair)|紫色のリボン(mt)	
41	general	slingshot swimsuit	スリングショット水着	mt_verified	スリングショット水着	ブラジル水着|スリングショット|アナルパール水着|スリングショット水着	スリングショット水着(mt)|スリングショット(wiki)|マンキニ(wiki)|ブラジル水着(wiki)	
41	general	spikes	スパイク	mt_unverified	スパイク		トゲ(tagpair)|スパイク(tagpair)|刺(wiki)	mt_unverified
41	general	babydoll	ベビードール	wiki_verified	ベイビードール		ベビードール(wiki)|ベイビードール(mt)	
41	general	yellow bow	黄色いリボン	mt_unverified	黄色いリボン		黄色いリボン(tagpair)	mt_unverified
41	character	alisa mikhailovna kujou	アリサ・ミハイロヴナ・九条	wikidata		アーリャ		
41	character	mona (genshin impact)	モナ	wiki		モナ(原神)|アストローギスト・モナ・メギストス		
41	general	shirt pull	シャツ引き	tagpair_verified	シャツ引っ張り		シャツ引き(tagpair)|シャツ引っ張り(mt)	
41	character	asuna (blue archive)	一之瀬アスナ	wikidata		アスナ|アスナ(ブルアカ)|明日奈		
41	general	armor	アーマー	wiki_verified	鎧	鎧	アーマー(wiki)|鎧(wiki)	
41	general	casual one-piece swimsuit	カジュアルなワンピース水着	tagpair_verified	カジュアルワンピース水着		カジュアルなワンピース水着(tagpair)|カジュアルワンピース水着(mt)|カジュアルなワンピーススイムウェア(tagpair)	
41	character	pecorine (princess connect!)	ペコリーヌ	wiki		ユースティアナ|ペコリーヌ(プリコネ)|ユースティアナフォンアストライア|ユースティアナ・フォン・アストライア		
41	general	grabbing another's twintails	他人のツインテールを掴む	mt_unverified	他人のツインテールを掴む		他人のツインテールを掴む(mt)	sentence-like;mt_unverified
41	general	head back	後ろに向ける	mt_unverified	後ろに向ける		仰け反り絶頂(wiki)|後ろに向ける(mt)	mt_unverified
41	general	puckered anus	しわっちゃった肛門	mt_unverified	しわっちゃった肛門		窄んだ肛門(tagpair)|窄んだアヌス(tagpair)|しわっちゃった肛門(mt)	mt_unverified
41	character	kousaka kyousuke	高坂京介	wiki_han				
40	general	presenting pussy	おまんこを見せる	mt_unverified	おまんこを見せる		マンコ見せ(tagpair)|見せるマンコ(tagpair)|おまんこを見せる(mt)|小穴展示(wiki)	mt_unverified
40	general	yellow jacket	黄色いジャケット	mt_verified	黄色いジャケット		黄色いジャケット(tagpair)|黄色のジャケット(tagpair)	
40	general	pillow hug	枕抱き	mt_unverified	枕抱き		枕抱き(mt)	mt_unverified
40	general	holding underwear	下着を持つ	mt_unverified	下着を持つ		下着を持つ(tagpair)	mt_unverified
40	general	spitroast	スピットロースト	mt_unverified	スピットロースト	串刺しファック	串刺しセックス(wiki)|串刺しファック(wiki)|スピットロースト(mt)	mt_unverified
40	character	kazusa (blue archive)	杏山カズサ	wikidata		カズサ|カズサ(ブルーアーカイブ)		
40	general	scar on face	顔の傷	tagpair_verified	顔の傷跡		顔の傷(tagpair)|顔の傷跡(mt)|スカーフェイス(wiki)|顔のけが(tagpair)	
40	general	shushing	静かに	mt_unverified	静かに		しーっ(wiki)|静かに(mt)	mt_unverified
40	general	stealth sex	こっそりセックス	mt_unverified	こっそりセックス		こっそりセックス(mt)|隠姦(wiki)	mt_unverified
40	copyright	granblue fantasy	グラブル	wiki		グラ腐ル|グランブルーファンタジー		
40	general	fellatio gesture	フェラチオのポーズ	mt_unverified	フェラチオのポーズ		フェラ素振り(wiki)|フェラチオのポーズ(mt)	mt_unverified
40	character	tachibana arisu	橘ありす	wikidata		かなあり|橘ありす生誕祭2024		
40	character	aisaka taiga	逢坂大河	wikidata				
40	copyright	toradora!	とらドラ	wiki		とらドラ!		
40	character	sakurai momoka	櫻井桃華	wikidata				
39	general	+ +	+ +	mt_unverified	+ +	目がしいたけ|星星眼	しいたけ目(wiki)|目がしいたけ(wiki)|+ +(mt)|星星眼(wiki)	mt_unverified
39	general	aged down	若作り	mt_unverified	若作り	若返り|ショタ化|シンスイカッコカリ|幼児化	ロリ化(wiki)|若返り(wiki)|ショタ化(wiki)|若作り(mt)|幼児化(tagpair)	mt_unverified
39	general	microphone	マイク	mt_unverified	マイク		マイク(wiki)	mt_unverified
39	general	hand between own legs	脚の間の手	wiki_verified	脚の間に手を入れる	あしのあいだのて	脚の間の手(wiki)|脚の間に手を入れる(mt)|あしのあいだのて(wiki)	
39	general	looking at phone	スマホを見る	tagpair_verified	スマホを見ている		スマホを見る(tagpair)|スマホを見ている(mt)|スマートフォンを見る(tagpair)	
39	general	one-piece tan	ワンピースタン	mt_unverified	ワンピースタン		ワンピースタン(mt)|水着跡(wiki)	mt_unverified
39	general	grey jacket	グレージャケット	mt_unverified	グレージャケット		灰色ジャケット(tagpair)|グレージャケット(mt)|灰色のコート(tagpair)	mt_unverified
39	general	shoe soles	靴底	mt_unverified	靴底	靴裏	靴裏(wiki)|靴底(wiki)	han-outside-inventory;mt_unverified
39	character	hachimiya meguru	八宮めぐる	wiki				
39	general	semi-rimless eyewear	セミリムレス眼鏡	mt_unverified	セミリムレス眼鏡		セミリムレス眼鏡(mt)|ナイロール(tagpair)|ハーフリム(tagpair)	mt_unverified
39	general	against glass	ガラス越しに	mt_unverified	ガラス越しに		ガラス越し(wiki)|ガラス越しに(mt)	mt_unverified
39	general	backless outfit	肩出しの服	mt_unverified	肩出しの服	オープンバック|露背服装	露背服装(wiki)|ぱっくり背中(wiki)|オープンバック(wiki)|肩出しの服(mt)	mt_unverified
39	general	mask on head	頭にかぶった仮面	tagpair_verified	頭につけたマスク		頭にかぶった仮面(tagpair)|頭にかぶったマスク(tagpair)|頭につけたマスク(mt)	
39	general	slap mark	平手打ちマーク	mt_unverified	平手打ちマーク	掌印	平手打ちマーク(mt)|打撲痕(tagpair)|手形(wiki)|掌印(wiki)|打撲(tagpair)	mt_unverified
39	copyright	oshi no ko	推しの子	wiki		【推しの子】		
39	general	leg lock	脚固め	mt_unverified	脚固め	だいしゅきホールド	中出し固め(wiki)|だいしゅきホールド(wiki)|脚固め(mt)	mt_unverified
39	general	afterimage	残像	mt_verified	残像	残影|乳分身	残像(wiki)|残影(wiki)|乳分身(wiki)	han-outside-inventory
39	general	hand on another's shoulder	肩に手	tagpair_verified	他人の肩に手を置く		肩に手(tagpair)|肩に手を置く(tagpair)|他人の肩に手を置く(mt)	
39	general	curly hair	巻き毛	wiki_verified	カールした髪	卷毛	巻き毛(wiki)|カールした髪(mt)	
39	character	rosa (pokemon)	メイ	wiki		メイぱい|ファイツ|メイっぱい|メイ(トレーナー)		
39	general	long bangs	長い前髪	mt_verified	長い前髪	メカクレ|片目隠れ|片目隠し|前髪に目が隠れてるの正義	長い前髪(mt)|両目隠れ(wiki)|メカクレ(wiki)|片目隠れ(wiki)	
39	general	blindfold	目隠し	mt_verified	目隠し	蒙眼布	目隠し(wiki)|蒙眼布(wiki)	
39	general	green nails	緑の爪	tagpair_verified	緑色のネイル		緑の爪(tagpair)|緑のネイル(tagpair)|緑色のネイル(mt)	
39	general	crossover	クロスオーバー	mt_verified	クロスオーバー	クロスオーバー|版権クロスオーバー|偽ストライクウィッチーズ|乱入	クロスオーバー(wiki)|版権クロスオーバー(wiki)|夢の共演(wiki)	
39	general	nurse	ナース	wiki_verified	看護師	ナース服|エロナース|ナースコス|看護婦	ナース(wiki)|看護師(tagpair)|ナース服(wiki)|エロナース(wiki)	
39	character	firefly (honkai: star rail)	ホタル	wikidata		ホタル(スターレイル)|ホタル(崩壊スターレイル)		
39	general	strapless dress	ストラップレスのドレス	mt_verified	ストラップレスのドレス		ストラップレスのドレス(mt)|ベアトップワンピース(wiki)	
39	general	short eyebrows	短い眉	tagpair_verified	ショート眉	豆豆眉|短眉毛	短い眉(tagpair)|短い眉毛(tagpair)|ショート眉(mt)|短眉毛(wiki)|オン眉(wiki)	
39	general	mole on thigh	太もものほくろ	mt_verified	太もものほくろ		太もものほくろ(mt)|太ももにほくろがある(tagpair)|太ももにほくろ(tagpair)	
39	general	feather hair ornament	羽髪飾り	tagpair_verified	羽根の髪飾り		羽髪飾り(tagpair)|羽根の髪飾り(mt)|羽髪装飾(tagpair)|羽根飾り(wiki)	
39	character	nilou (genshin impact)	ニィロウ	wiki		ネル(原神)		
39	character	raiden shogun	雷電将軍	wikidata		影ちゃん|雷神バアル|雷電影|雷電將軍		
39	character	seia (blue archive)	百合園セイア	wikidata		セイア		
39	general	gloved handjob	手袋をはめたハンドサービス	mt_unverified	手袋をはめたハンドサービス	手袋手コキ|手交|戴着手套的手淫	手袋手コキ(wiki)|手袋をはめたハンドサービス(mt)|手袋コキ(wiki)|手交(wiki)	sentence-like;mt_unverified
39	copyright	pokemon horizons	リコとロイの旅立ち	wiki		テラスタルデビュー|テラパゴスのかがやき|リコとロイの旅シリーズ|ポケットモンスター(アニポケ第8シリーズ)		
39	general	mouth drool	よだれ	mt_unverified	よだれ		口の端(tagpair)|口の端から垂れる(tagpair)|よだれ(mt)	mt_unverified
39	general	brothers	兄弟	mt_verified	兄弟		兄弟(wiki)	han-outside-inventory
39	general	pink thighhighs	ピンクのニーハイ	mt_unverified	ピンクのニーハイ		ピンクのニーハイ(mt)|ピンクのサイハイソックス(tagpair)|ピンクのニーハイソックス(tagpair)	mt_unverified
39	general	duel monster	デュエルモンスター	mt_verified	デュエルモンスター	効果モンスター|ラッシュデュエル|遊戯王ファンアート|OCGファンアート	デュエルモンスター(mt)|効果モンスター(wiki)|ラッシュデュエル(wiki)|遊戯王ラッシュデュエル(tagpair)|サイバース族(wiki)	
38	general	floating earrings	浮くイヤリング	mt_verified	浮くイヤリング		浮くイヤリング(mt)	
38	general	tareme	たれめ	mt_unverified	たれめ	たれ目|たれめ|垂れ目|垂眼	タレ目(wiki)|たれ目(wiki)|たれめ(wiki)|垂眼(tagpair)	mt_unverified
38	general	sleeves past fingers	指より長い袖	mt_unverified	指より長い袖		指より長い袖(mt)|萌え袖(wiki)	mt_unverified
38	general	teddy bear	テディベア	mt_verified	テディベア	熊のぬいぐるみ|クマのぬいぐるみ|泰迪熊	テディベア(wiki)|熊のぬいぐるみ(wiki)|クマのぬいぐるみ(wiki)	
38	general	lifting another's clothes	衣服を持ち上げる	tagpair_verified	他人の服をめくる		衣服を持ち上げる(tagpair)|他人の衣服を持ち上げる(tagpair)|他人の服をめくる(mt)	
38	general	bird	鳥	mt_verified	鳥	スズメ目|鳥ポケモン|鳥と女の子|鳥	鳥(tagpair)|鳥ポケモン(wiki)|とり(wiki)|スズメ目(wiki)	
38	general	hand in own hair	髪に手	wiki_verified	自分の髪を触る		髪に手(wiki)|自分の髪を触る(mt)	
38	general	cropped shirt	クロップドシャツ	tagpair_verified	短めのシャツ		クロップドシャツ(tagpair)|短めのシャツ(mt)|クロップトップ(tagpair)	
38	general	unworn shirt	未着用のシャツ	tagpair_verified	着用されていないシャツ		未着用のシャツ(tagpair)|着用されていないシャツ(mt)|シャツ未着用(tagpair)	
38	general	sun hat	サンハット	mt_verified	サンハット	つば広帽|つば広帽子	サンハット(mt)|つば広帽(wiki)|つば広帽子(wiki)|つば広(wiki)	
38	general	handcuffs	手錠	mt_unverified	手錠		手錠(wiki)	mt_unverified
38	general	cum on lower body	下半身に精液	mt_unverified	下半身に精液		下半身に精液(mt)	mt_unverified
38	general	brown shirt	茶色いシャツ	mt_verified	茶色いシャツ		茶色いシャツ(tagpair)|ブラウンのシャツ(tagpair)	
38	character	hoshimi miyabi	星見雅	wikidata				
38	general	wide spread legs	脚を大きく開く	mt_verified	脚を大きく開く	観音開き	脚を大きく開く(mt)|広げた脚(tagpair)|広げた足(tagpair)|大股開き(wiki)|観音開き(wiki)	
38	general	black bodysuit	黒のボディスーツ	tagpair_verified	黒いボディスーツ		黒のボディスーツ(tagpair)|黒いボディスーツ(mt)	
38	general	tight clothes	きつい服	mt_verified	きつい服	ぱっつんぱっつん|トップス胸元前面に布のしわ	きつい服(mt)|ピチピチ(wiki)|ぱっつんぱっつん(wiki)|トップス胸元前面に布のしわ(wiki)	
38	general	naked apron	裸エプロン	wiki_verified	裸のエプロン		裸エプロン(wiki)|裸のエプロン(mt)	
38	general	train interior	電車の車内	mt_unverified	電車の車内	列車|電車内|員電車	電車(wiki)|列車(wiki)|電車内(wiki)|電車の車内(mt)|員電車(tagpair)	mt_unverified
38	general	low-tied long hair	低めに結んだ長い髪	tagpair_verified	下ろした長い髪		低めに結んだ長い髪(tagpair)|下ろした長い髪(mt)|低めのポニーテール(tagpair)	morpheme-family
38	general	text focus	フォーカス	mt_unverified	フォーカス		フォーカス(mt)|テキスト中心(tagpair)|テキスト重視(tagpair)	mt_unverified
38	character	citlali (genshin impact)	シトラリ	wiki		白星黑曜		
38	general	sphere hair ornament	球形の髪飾り	mt_unverified	球形の髪飾り		球形の髪飾り(mt)	mt_unverified
38	general	blunt ends	鈍い先端	mt_unverified	鈍い先端		ブラントカット(tagpair)|ブラントエンド(tagpair)|鈍い先端(mt)	mt_unverified
38	general	cross hair ornament	十字形の髪飾り	mt_verified	十字形の髪飾り		十字形の髪飾り(mt)|十字架ヘアアクセサリー(tagpair)|十字架ヘアピン(tagpair)	
38	general	aunt and nephew	叔母と甥	mt_verified	叔母と甥		叔母と甥(mt)|姪っ子(tagpair)	
38	general	monster	モンスター	mt_verified	モンスター	怪物|怪人	モンスター(wiki)|怪物(wiki)|怪人(wiki)	
37	general	grey halo	灰色のハロー	mt_unverified	灰色のハロー		灰色の光輪(tagpair)|灰色のハロー(mt)|灰色の光(tagpair)	mt_unverified
37	general	parallel hairclips	平行型の髪留め	mt_unverified	平行型の髪留め		平行型の髪留め(mt)	mt_unverified
37	general	animal ear headphones	動物耳ヘッドホン	tagpair_verified	動物耳型ヘッドフォン		動物耳ヘッドホン(tagpair)|動物耳ヘッドフォン(tagpair)|動物耳型ヘッドフォン(mt)	
37	general	skinny	細身	mt_unverified	細身		痩せている(tagpair)|細身(tagpair)	mt_unverified
37	general	adjusting hair	髪飾りの調整	mt_verified	髪飾りの調整		髪飾りの調整(mt)	
37	general	teasing	からかい	tagpair_verified	からかう	挑発	からかい(tagpair)|からかう(wiki)|いたずら(tagpair)|挑発(wiki)	
37	general	couple	カップル	mt_verified	カップル		カップル(wiki)	
37	general	black-framed eyewear	黒縁の眼鏡	mt_unverified	黒縁の眼鏡		黒縁の眼鏡(mt)|黒縁眼鏡(wiki)	mt_unverified
37	general	open coat	開いているコート	tagpair_verified	コートを開ける		開いているコート(tagpair)|コートを開ける(mt)|開襟コート(tagpair)	
37	general	holding pom poms	ポンポンを持つ	mt_verified	ポンポンを持つ		ポンポンを持つ(tagpair)|ポンポン(tagpair)	
37	general	frilled sleeves	フリル付き袖	mt_unverified	フリル付き袖		フリル袖(tagpair)|フリル付き袖(mt)|フリル袖口(tagpair)	mt_unverified
37	general	thong bikini	ストラップビキニ	mt_unverified	ストラップビキニ		紐ビキニ(tagpair)|ストラップビキニ(mt)	mt_unverified
37	general	school chair	学校の椅子	mt_verified	学校の椅子		学校の椅子(mt)|椅子(wiki)	
37	character	katou megumi	加藤恵	wikidata		加藤惠		
37	copyright	love live! school idol project	ラブライブ!SchoolIdolProject	wiki				
37	general	black tank top	黒タンクトップ	tagpair_verified	黒いタンクトップ		黒タンクトップ(tagpair)|黒のタンクトップ(tagpair)|黒いタンクトップ(mt)	
37	general	heart hair ornament	ハートの髪飾り	tagpair_verified	ハート形の髪飾り		ハートの髪飾り(tagpair)|ハート形の髪飾り(mt)|ハートのヘアピン(tagpair)	
37	general	red sweater	赤いセーター	mt_verified	赤いセーター		赤いセーター(tagpair)|赤のセーター(tagpair)	
37	general	black boots	黒いブーツ	mt_verified	黒いブーツ	黑色靴子	黒いブーツ(mt)	
37	copyright	nijisanji	にじさんじ	wiki		にじさんじSEEDS|にじさんじゲーマーズ|にじ鯖夏祭り2023|にじ鯖夏祭り2024		
37	general	heart choker	ハートのチョーカー	tagpair_verified	ハートチョーカー		ハートのチョーカー(tagpair)|ハートチョーカー(mt)|ハートのネックレス(tagpair)	
37	general	on table	テーブルの上	mt_verified	テーブルの上		テーブルの上(tagpair)|テーブルの上にいる(tagpair)|机上位(wiki)	
37	general	after kiss	キスの後	mt_verified	キスの後		キスの後(tagpair)|キスの後始末(tagpair)	
37	character	burnice white	バーニス・ホワイト	wikidata				
37	general	sexually suggestive	性的に扇情的な	mt_unverified	性的に扇情的な	性暗示	性的に扇情的な(mt)|謎のエロス(wiki)|性暗示(wiki)	mt_unverified
37	copyright	to love-ru	とらぶる	wiki		ToLOVEる|ToLoveる|ToLOVEる-とらぶる		
37	general	decensored	修正なし	mt_unverified	修正なし		修正なし(mt)	mt_unverified
37	character	sakimiya iruka	咲宮入華	wiki_han				
37	general	wince	顔をしかめる	mt_unverified	顔をしかめる	眉をひそめる	しかめっ面(wiki)|眉をひそめる(wiki)|顔をしかめる(mt)	mt_unverified
37	general	green skin	緑色の肌	mt_verified	緑色の肌		緑色の肌(mt)|緑肌(wiki)	
37	general	white skin	白い肌	mt_verified	白い肌		白い肌(tagpair)|白肌(wiki)	
37	character	kuchiki rukia	朽木ルキア	wikidata				
36	general	bandaids on nipples	乳首の絆創膏	mt_unverified	乳首の絆創膏		乳首の絆創膏(mt)|BAN装甲(wiki)	mt_unverified
36	general	braided bun	三つ編みのお団子	mt_verified	三つ編みのお団子		三つ編みのお団子(mt)|編み込みヘアお団子(tagpair)|編み込みお団子(tagpair)	
36	general	grey necktie	グレーのネクタイ	mt_unverified	グレーのネクタイ		灰色ネクタイ(tagpair)|灰色のネクタイ(tagpair)|グレーのネクタイ(mt)	mt_unverified
36	general	potted plant	鉢植え	wiki_verified	観葉植物	植木|観葉植物	鉢植え(wiki)|観葉植物(wiki)|植木(wiki)	
36	general	white serafuku	白い制服	mt_unverified	白い制服		白い制服(mt)|白のセーラー服(tagpair)	mt_unverified
36	general	buckle	バックル	mt_verified	バックル		バックル(wiki)	
36	general	brown shoes	茶色い靴	mt_verified	茶色い靴		茶色い靴(mt)	
36	general	sideways glance	横目で見る	mt_verified	横目で見る	横目	横目で見る(mt)|流し目(wiki)|横目(wiki)	
36	general	star-shaped pupils	星形の瞳	mt_verified	星形の瞳	目に星|眼里有星星	星形の瞳(mt)|目が星(wiki)|目に星(wiki)|眼里有星星(wiki)	morpheme-family
36	general	spanked	スパンキング	wiki_verified	叩かれる		スパンキング(wiki)|叩かれる(mt)	
36	general	ringed eyes	輪郭のはっきりした目	mt_unverified	輪郭のはっきりした目	同心円目	ぐるぐる目(wiki)|輪郭のはっきりした目(mt)|同心円目(wiki)	mt_unverified
36	general	white headwear	白い頭装飾	mt_unverified	白い頭装飾		白い帽子(tagpair)|白い頭飾り(tagpair)|白い頭装飾(mt)	mt_unverified
36	general	emotionless sex	無感情なセックス	tagpair_verified	無表情セックス		無感情なセックス(tagpair)|無表情セックス(mt)|無感情な性行為(tagpair)|無関心(wiki)	
36	general	caressing testicles	睾丸を愛撫する	mt_verified	睾丸を愛撫する		睾丸を愛撫する(mt)|睾丸マッサージ(tagpair)	
36	general	ascot	アスコット	mt_verified	アスコット	アスコットタイ	アスコット(mt)|アスコットタイ(wiki)|ジャボ(wiki)	
36	general	duck hair ornament	鴨の髪飾り	tagpair_verified	ダック型の髪飾り		鴨の髪飾り(tagpair)|ダック型の髪飾り(mt)|鴨のヘアピン(tagpair)	
36	general	stirrup legwear	ニーハイ履き	mt_unverified	ニーハイ履き	トレンカソックス	トレンカ(wiki)|トレンカソックス(wiki)|ニーハイ履き(mt)	mt_unverified
36	general	game controller	ゲームコントローラー	mt_verified	ゲームコントローラー	コントローラー|手柄	ゲームコントローラー(mt)|コントローラー(wiki)|ゲームパッド(wiki)|手柄(wiki)	
36	character	aris (blue archive)	アリス	wiki		天童アリス		
36	general	eyeliner	アイライン	wiki_verified	アイライナー	アイライナー|眼線	アイライン(wiki)|アイライナー(wiki)|眼線(wiki)	
36	general	shackles	枷	mt_verified	枷	足枷	枷(wiki)|手錠(tagpair)|足枷(wiki)	han-outside-inventory
36	copyright	pokemon sun and moon	ポケモンSM	wiki		サン&ムーン|ポケモンサンムーン|ポケモンサン・ムーン|ポケットモンスターサン		
36	copyright	fire emblem	FE腐向け	wiki		ガチホモエムブレム|ファイアーエムブレム|FE版深夜の真剣お絵描き60分一本勝負|聖火降魔錄		
36	general	gaping	口を開ける	mt_unverified	口を開ける		拡張済み(wiki)|口を開ける(mt)	mt_unverified
35	general	imminent fellatio	間もなくフェラチオ	mt_unverified	間もなくフェラチオ	即将口交	フェラ前(wiki)|即フェラ(tagpair)|即フェラチオ(tagpair)|間もなくフェラチオ(mt)|即将口交(wiki)	mt_unverified
35	character	kokona (blue archive)	春原ココナ	wikidata		ココナ|ココナ(ブルアカ)|春原心奈		
35	character	sasaki chie	佐々木千枝	wikidata		千枝ちゃんは合法		
35	general	bandaid on leg	脚の絆創膏	mt_unverified	脚の絆創膏		バンドエイド(tagpair)|脚の絆創膏(mt)	mt_unverified
35	general	sarashi	紗良シ	mt_unverified	紗良シ		さらし(wiki)|紗良シ(mt)	mt_unverified
35	general	brown cardigan	茶色のカーディガン	tagpair_verified	茶色いカーディガン		茶色のカーディガン(tagpair)|ブラウンカーディガン(tagpair)|茶色いカーディガン(mt)	
35	general	arms at sides	両腕を体の横に	mt_unverified	両腕を体の横に		両腕を体の横に(tagpair)|両腕を体の横に置く(tagpair)	mt_unverified
35	general	drinking straw	ストロー	mt_unverified	ストロー	吸管	ストロー(wiki)|吸管(wiki)	mt_unverified
35	general	lower body	下半身	mt_verified	下半身		下半身(wiki)	
35	general	long hair between eyes	目の間の長い髪	mt_verified	目の間の長い髪		目の間の長い髪(mt)|長い前髪(tagpair)|前髪テール(wiki)	morpheme-family
35	general	blue hat	青い帽子	mt_verified	青い帽子		青い帽子(tagpair)	
35	general	naked towel	裸のタオル	mt_verified	裸のタオル	タオル一枚|裸バスタオル|バスタオル一枚	裸のタオル(mt)|裸バスタオル(wiki)|裸タオル(wiki)|タオル一枚(wiki)	
35	general	blue flower	青い花	mt_verified	青い花		青い花(wiki)	
35	general	gold bikini	金ビキニ	wiki_verified	金髪ビキニ	金色ビキニ|ゴールドビキニ|ゴールデンビキニ|金水着	金ビキニ(wiki)|ゴールドビキニ(wiki)|金色ビキニ(wiki)|金髪ビキニ(mt)	
35	general	locker	ロッカー	mt_verified	ロッカー		ロッカー(wiki)	
35	general	used tissue	使用済みティッシュ	wiki_verified	使い捨てティッシュ		使用済みティッシュ(wiki)|使い捨てティッシュ(mt)	
35	general	gang rape	集団レイプ	mt_unverified	集団レイプ		集団レイプ(mt)	mt_unverified
35	character	aqua (konosuba)	アクア	wiki		アクア(このすば)|水之女神		
35	copyright	mahou shoujo madoka magica	まどマギ	wiki		まどかマギカ|まどか☆マギカ|魔法少女まどかマギカ|魔法少女まどか☆マギカ		
35	general	holding bottle	ボトルを持つ	mt_verified	ボトルを持つ		ボトルを持つ(tagpair)|ボトルを持つ人(tagpair)	
35	general	holding another's leg	他人の脚を握る	mt_unverified	他人の脚を握る		相手の足を持つ(tagpair)|相手の足を抱える(tagpair)|他人の脚を握る(mt)	mt_unverified
35	general	futon	布団	mt_verified	布団	布団	布団(wiki)|ふとん(wiki)	
35	character	toki (bunny) (blue archive)	飛鳥馬トキ	wikidata		バニートキ|トキ(バニーガール)|飛鳥馬トキ(バニーガール)		
35	copyright	precure	プリキュア	wiki		腐リキュア|オリキュア|エロキュア|マイプリキュア		
35	general	red gloves	赤い手袋	mt_verified	赤い手袋		赤い手袋(tagpair)|赤の手袋(tagpair)	
35	general	ring hair ornament	髪飾りのリング	mt_verified	髪飾りのリング		髪飾りのリング(mt)|リングヘア装飾(tagpair)|リングヘアアクセサリー(tagpair)	
35	general	red hairband	赤いヘアバンド	mt_verified	赤いヘアバンド		赤いヘアバンド(tagpair)|赤い髪留め(tagpair)	
35	general	caught	捉えられた	mt_verified	捉えられた	自慰暴露	捉えられた(mt)|オナバレ(wiki)	
35	general	headgear	ヘッドギア	mt_verified	ヘッドギア		ヘッドギア(tagpair)|頭飾り(tagpair)	
35	general	habit	習慣	mt_unverified	習慣		修道服(tagpair)	han-outside-inventory;mt_unverified
35	general	tiger girl	虎の女の子1人	mt_verified	虎の女の子1人	寅娘	虎の女の子1人(mt)|虎娘(wiki)|寅娘(wiki)	
35	general	shoulder tattoo	肩の刺青	tagpair_verified	肩のタトゥー		肩の刺青(tagpair)|肩のタトゥー(tagpair)	
35	general	urethra	尿道	mt_verified	尿道	尿道	尿道(wiki)|にょうどう(wiki)	han-outside-inventory
35	character	leonardo da vinci (rider) (fate)	ロリンチ	wiki		ロリンチちゃん		
34	general	striped necktie	ストライプのネクタイ	mt_unverified	ストライプのネクタイ		ストライプネクタイ(tagpair)|ストライプ柄ネクタイ(tagpair)|ストライプのネクタイ(mt)	mt_unverified
34	general	lace bra	レースブラ	wiki_verified	レースのブラジャー		レースブラ(wiki)|レースブラジャー(tagpair)|レースのブラジャー(mt)	
34	general	corset	コルセット	mt_verified	コルセット	束腰	コルセット(wiki)|束腰(wiki)	
34	general	half up braid	ハーフアップ編み込み	tagpair_verified	半分上げた三つ編み	クラウンハーフアップ	ハーフアップ編み込み(tagpair)|半分上げた三つ編み(mt)|三つ編みハーフアップ(wiki)|ハーフアップ(tagpair)|クラウンハーフアップ(wiki)	
34	general	black camisole	黒のキャミソール	tagpair_verified	黒いキャミソール		黒のキャミソール(tagpair)|黒いキャミソール(mt)|黒のシミーズ(tagpair)	
34	general	bookshelf	本棚	mt_verified	本棚		本棚(wiki)	han-outside-inventory
34	general	back cutout	背中カットアウト	tagpair_verified	背中の透け部分		背中カットアウト(tagpair)|背中見せ(tagpair)|背中の透け部分(mt)	
34	general	pink hairband	ピンクのヘアバンド	mt_verified	ピンクのヘアバンド		ピンクのヘアバンド(tagpair)|ピンクの髪飾り(tagpair)	
34	general	presenting own body	自身の身体を見せる	mt_unverified	自身の身体を見せる		自身の身体を見せる(mt)	mt_unverified
34	general	blur censor	ぼやけ修正あり	mt_unverified	ぼやけ修正あり		ぼかし(tagpair)|ぼかし修正(tagpair)|ぼやけ修正あり(mt)	mt_unverified
34	general	shuuchiin academy school uniform	修道院学園の制服	mt_unverified	修道院学園の制服		修道院学園の制服(mt)|秀知院学園(wiki)	mt_unverified
34	general	hair flaps	髪の動き	mt_unverified	髪の動き		髪の動き(mt)	mt_unverified
34	general	suggestive fluid	セクシーな流体	mt_unverified	セクシーな流体	白くべたつく何か|白くべたつくなにか	セクシーな流体(mt)|謎の白い液体(wiki)|白くべたつく何か(wiki)|白くべたつくなにか(wiki)	mt_unverified
34	general	center opening	中央開き	tagpair_verified	中央の開口部		中央開き(tagpair)|中央オープン(tagpair)|中央の開口部(mt)|天使の小窓(wiki)	
34	general	blank censor	空白の修正あり	mt_unverified	空白の修正あり		空白の修正あり(mt)|ぼかし(tagpair)|ぼかし修正(tagpair)	mt_unverified
34	general	hair bell	髪飾り	mt_unverified	髪飾り		髪飾り(tagpair)|ヘアベル(tagpair)	mt_unverified
34	general	layered bikini	レイヤードビキニ	wiki_verified	重ね着ビキニ		レイヤードビキニ(wiki)|重ね着ビキニ(mt)	
34	general	hug from behind	後ろからハグ	wiki_verified	後ろから抱きしめる	バックハグ|後ろからハグ|あすなろ抱き	後ろからハグ(wiki)|後ろから抱きしめる(mt)|後ろからの抱擁(tagpair)|後ろ抱き(wiki)|バックハグ(wiki)	
34	copyright	pokemon scarlet and violet	ポケモンSV	wiki		ポケットモンスターSV|ポケットモンスタースカーレット|ポケットモンスターバイオレット|ポケモンスカーレットバイオレット		
34	general	narrow waist	細いウエスト	mt_unverified	細いウエスト		細いウエスト(mt)|魅惑の腰つき(wiki)	mt_unverified
34	character	barbara (genshin impact)	バーバラ	wiki		バーバラ(原神)|芭芭拉|芭芭拉(原神)		
34	character	kula diamond	クーラ・ダイアモンド	wikidata				
34	general	goblin	ゴブリン	mt_verified	ゴブリン	小鬼	ゴブリン(wiki)|小鬼(wiki)	
34	general	leonardo da vinci (fate/grand order)	レオナルド・ダ・ヴィンチ（ファイト/グランドオーダー）	mt_verified	レオナルド・ダ・ヴィンチ（ファイト/グランドオーダー）		レオナルド・ダ・ヴィンチ（ファイト/グランドオーダー）(mt)	sentence-like
33	general	bandaid on pussy	おまんこに絆創膏	mt_unverified	おまんこに絆創膏		おまんこに絆創膏(mt)|BAN装甲(wiki)	mt_unverified
33	general	white halo	白い光輪	tagpair_verified	白いハロー		白い光輪(tagpair)|白いハロー(mt)|白い光(tagpair)	
33	general	headset	ヘッドセット	mt_verified	ヘッドセット	ヘッドセット|耳麦	ヘッドセット(wiki)|耳麦(wiki)|インカム(wiki)	
33	general	open kimono	着物オープン	tagpair_verified	肩出しの和服		着物オープン(tagpair)|開いた着物(tagpair)|肩出しの和服(mt)	
33	general	blue neckerchief	青いネッカチーフ	tagpair_verified	青いスカーフ		青いネッカチーフ(tagpair)|青い首飾り(tagpair)|青いスカーフ(mt)	
33	general	loose socks	ルーズソックス	wiki_verified	緩んだ靴下		ルーズソックス(wiki)|緩んだ靴下(mt)	
33	general	clothes around waist	腰回りの服装	mt_verified	腰回りの服装	衣服系在腰上|系在腰上的衣服	腰回りの服装(mt)|衣服系在腰上(wiki)|系在腰上的衣服(wiki)|腰結び(wiki)	
33	general	leopard print	ヒョウ柄	wiki_verified	レオパード柄	豹柄	ヒョウ柄(wiki)|レオパード柄(mt)|豹柄(wiki)|豹柄ビキニ(tagpair)	
33	general	oni	おに	wiki_verified	鬼	鬼っ子|鬼|鬼娘|鬼女	おに(wiki)|鬼っ子(wiki)|鬼(wiki)	
33	general	:/	:/	mt_unverified	:/		困った顔(tagpair)|:/(mt)|困惑顔(tagpair)	mt_unverified
33	general	building	ビル	wiki_verified	建物	建物|建築物	ビル(wiki)|建物(wiki)|建築物(wiki)	
33	general	rabbit ear hairband	ウサギ耳のヘアバンド	mt_verified	ウサギ耳のヘアバンド	うさみみカチューシャ	ウサギ耳のヘアバンド(mt)|うさ耳カチューシャ(wiki)|うさみみカチューシャ(wiki)	
33	general	kissing penis	ちんキス	wiki_verified	ペニスにキスする	ペニスにキス|先っぽちゅーちゅー	ちんキス(wiki)|ペニスにキス(wiki)|ペニスにキスする(mt)|先っぽちゅーちゅー(wiki)	
33	general	asymmetrical hair	非対称な髪型	mt_unverified	非対称な髪型		アシンメトリーな髪型(tagpair)|非対称な髪型(tagpair)	mt_unverified
33	general	hooded jacket	フード付きジャケット	mt_verified	フード付きジャケット	水着パーカー	フード付きジャケット(mt)|パーカー(wiki)|水着パーカー(wiki)	
33	general	single elbow glove	片肘グローブ	mt_unverified	片肘グローブ		片肘グローブ(mt)|片手エルボーパッド(tagpair)	mt_unverified
33	general	eyeshadow	アイシャドウ	mt_verified	アイシャドウ	アイシャドー|眼影	アイシャドウ(wiki)|アイシャドー(wiki)|眼影(wiki)	
33	general	open door	開いたドア	mt_verified	開いたドア		開いたドア(tagpair)|開かれたドア(tagpair)	
33	general	asphyxiation	窒息	mt_unverified	窒息			han-outside-inventory;mt_unverified
33	general	food in mouth	口の中の食べ物	mt_verified	口の中の食べ物		口の中の食べ物(tagpair)|口移し(wiki)	
33	copyright	cafe stella to shinigami no chou	喫茶ステラと死神の蝶	wiki				
33	character	lumine (genshin impact)	蛍	wiki_han		蛍(原神)|旅行者(女)|旅人(原神)		
33	general	on/off	オン/オフ	mt_verified	オン/オフ		オン/オフ(mt)	
33	general	take your pick	好きなものを選んで	mt_unverified	好きなものを選んで		選んでください(tagpair)|選択してください(tagpair)|好きなものを選んで(mt)	mt_unverified
33	general	foreskin insertion	包皮挿入	mt_verified	包皮挿入		包皮挿入(tagpair)|包皮内挿入(tagpair)|伸入包皮(wiki)	han-outside-inventory
33	general	teenage girl and younger boy	十代の女の子1人と年下の男の子1人	mt_verified	十代の女の子1人と年下の男の子1人		十代の女の子1人と年下の男の子1人(mt)	sentence-like
33	general	headscarf	ヘッドスカーフ	mt_verified	ヘッドスカーフ		ヘッドスカーフ(mt)	
33	general	tentacle hair	触手髪	wiki_verified	触手のような髪		触手髪(wiki)|触手毛(tagpair)|触手のような髪(mt)	
33	general	bestiality	獣姦	mt_verified	獣姦	動物の仔|獣姦|熊姦|犬姦	獣姦(wiki)|ポケ姦(wiki)|動物の仔(wiki)|異種姦(tagpair)	
33	general	long labia	長い陰唇	mt_verified	長い陰唇	ビラビラ|小陰唇	長い陰唇(tagpair)|長い小陰唇(tagpair)|小陰唇(wiki)|グロマン(wiki)|ビラビラ(wiki)	
33	character	inui sajuna	ジュジュ	wiki		乾紗寿叶		
32	character	ibuki (blue archive)	丹花イブキ	wikidata		イブキ|イブキ(ブルアカ)|成長イブキシリーズ|イブキ(ブルーアーカイブ)		
32	general	dashed eyes	涙目	mt_unverified	涙目		涙目(mt)|目を泳がす(tagpair)|目を泳がせる(tagpair)	mt_unverified
32	general	sliding doors	引き戸	wiki_verified	スライドドア		引き戸(wiki)|スライドドア(mt)	
32	general	mary janes	メアリー・ジェーンズ	mt_verified	メアリー・ジェーンズ	ストラップシューズ	メアリー・ジェーンズ(mt)|メリージェーン(wiki)|ストラップシューズ(wiki)	
32	general	black mask	黒マスク	wiki_verified	黒いマスク		黒マスク(wiki)|黒い仮面(tagpair)|黒いマスク(mt)	
32	general	red bag	赤い鞄	tagpair_verified	赤いバッグ		赤い鞄(tagpair)|赤いバッグ(tagpair)	
32	general	navel piercing	臍ピアス	wiki_verified	へそピアス	𦜝ピアス|へそピアス|臍環	臍ピアス(wiki)|へそピアス(wiki)|𦜝ピアス(wiki)	
32	general	brown footwear	茶色の靴	mt_unverified	茶色の靴		茶色い靴(tagpair)|茶色の靴(mt)	mt_unverified
32	general	unbuttoned shirt	シャツのボタン外し	tagpair_verified	ボタン外しのシャツ		シャツのボタン外し(tagpair)|ボタン外しのシャツ(mt)	
32	general	smelling	匂いを嗅ぐ	mt_unverified	匂いを嗅ぐ	ちん嗅ぎ|くんかくんか|クンカクンカ	匂いを嗅ぐ(mt)|嗅ぐ(wiki)|ちん嗅ぎ(wiki)|くんかくんか(wiki)	mt_unverified
32	general	hand on another's ass	他人のお尻に手を置く	mt_unverified	他人のお尻に手を置く		他人のお尻に手を置く(mt)	morpheme-family;mt_unverified
32	general	unworn shoes	未使用の靴	mt_unverified	未使用の靴		未使用の靴(mt)|靴を脱ぐ(wiki)	mt_unverified
32	general	dimples of venus	ヴィーナスのえくぼ	mt_unverified	ヴィーナスのえくぼ		ウェヌスのえくぼ(wiki)|ヴィーナスのえくぼ(mt)	mt_unverified
32	general	black sports bra	黒のスポーツブラ	tagpair_verified	黒いスポーツブラ		黒のスポーツブラ(tagpair)|黒のスポーツブラジャー(tagpair)|黒いスポーツブラ(mt)	
32	general	flexible	柔軟性	mt_unverified	柔軟性			han-outside-inventory;mt_unverified
32	general	spoken anger vein	怒りの静脈	tagpair_verified	怒りの声脈		怒りの静脈(tagpair)|怒りの血管(tagpair)|怒りの声脈(mt)	
32	general	lowleg	短いスカート	mt_unverified	短いスカート	ローライズ|低腰	ローレグ(wiki)|ローライズ(wiki)|ローカット(tagpair)|ローカット下着(tagpair)|短いスカート(mt)	mt_unverified
32	general	doorway	戸口	wiki_verified	入り口	扉|戸口	戸口(wiki)|ドア(wiki)|入り口(mt)|扉(wiki)	
32	general	w	w	mt_verified	w		w(mt)|手話ジェスチャー(tagpair)|手話(tagpair)	
32	character	cartethyia (wuthering waves)	カルテジア	wiki				
32	general	mouse ears	ネコ耳	mt_unverified	ネコ耳	鼠耳	ねずみみ(wiki)|ネコ耳(mt)|鼠耳(wiki)	mt_unverified
32	copyright	dandadan	ダンダダン	wiki		胆大党		
32	general	content rating	コンテンツ評価	mt_unverified	コンテンツ評価	レイティング	レイティング(wiki)|コンテンツ評価(mt)|R指定マーク(wiki)	mt_unverified
32	general	shibari	絞縄	mt_unverified	絞縄	菱縄縛り|緊縛|緊縛労働|野外緊縛	縛り(wiki)|菱縄縛り(wiki)|絞縄(mt)	han-outside-inventory;mt_unverified
32	character	vivian banshee	ビビアン・バンシー	wikidata		ビビアン|ビビアン(ゼンゼロ)|薇薇安		
32	general	flower-shaped pupils	花形瞳	tagpair_verified	花の形をした瞳		花形瞳(tagpair)|花形瞳孔(tagpair)|花の形をした瞳(mt)	
32	general	harem	ハーレム	wiki_verified	後宮	後宮	ハーレム(wiki)|後宮(wiki)	
32	copyright	maplestory	メイプルストーリー	wiki				
32	general	6+boys	6人以上の男の子	mt_unverified	6人以上の男の子		6人以上の男の子(mt)|6人以上男性(tagpair)|6人以上の男性キャラクター(tagpair)	mt_unverified
32	character	lillie (pokemon)	リーリエ	wiki		ミヅリリ|ヨウリエ|エーテル兄妹|がんばリーリエ		
32	character	la pluma (arknights)	ラ・プルマ	wiki		ラ・プルマ(アークナイツ)|ラプルーマ(アークナイツ)		
32	character	yae miko	八重神子	wikidata		ぐうじ|宮司|浮世笑百姿		
32	character	shimakaze (kancolle)	ぜかまし	wiki		しまかぜ|ぜかましり|島風(艦これ)|なにこれぜかましい		
31	character	plana (blue archive)	プラナ	wiki		クロナ|黒アロナ|プラナ(ブルーアーカイブ)|星奈		
31	general	cat ear headphones	猫耳ヘッドホン	wiki_verified	猫耳ヘッドフォン	猫耳ヘッドフォン	猫耳ヘッドホン(wiki)|猫耳ヘッドフォン(wiki)	
31	general	open cardigan	開いたカーデガン	tagpair_verified	開いたカーディガン		開いたカーデガン(tagpair)|開いたカーディガン(tagpair)	
31	general	straight-on	正面から	mt_unverified	正面から	真正面	正面から(mt)|正面(wiki)|真正面(wiki)	mt_unverified
31	general	track uniform	陸上ユニフォーム	wiki_verified	軌道制服		陸上ユニフォーム(wiki)|軌道制服(mt)	
31	general	drawstring	ドローストリング	wiki_verified	紐		ドローストリング(wiki)|紐(mt)	
31	general	drink	飲む	mt_verified	飲む		飲む(mt)|飲み物(wiki)	
31	general	blue pants	青いパンツ	mt_verified	青いパンツ		青いパンツ(tagpair)|青いズボン(tagpair)	
31	general	name tag	ネームプレート	wiki_verified	名札	なふだ|ネームプレート|名札	ネームプレート(wiki)|名札(tagpair)|ネーム(wiki)|なふだ(wiki)	
31	general	satin panties	サテンパンティー	mt_verified	サテンパンティー		サテンパンティー(mt)	
31	general	charm (object)	魅力あるアイテム	mt_unverified	魅力あるアイテム	ストラップ|キーホルダー|根付	チャーム(wiki)|魅力あるアイテム(mt)|ストラップ(wiki)|キーホルダー(wiki)	mt_unverified
31	general	mask pull	マスク引き下ろし	tagpair_verified	マスク引き		マスク引き下ろし(tagpair)|マスク外し(tagpair)|マスク引き(mt)	
31	general	hairpin	ヘアピン	mt_verified	ヘアピン		ヘアピン(wiki)	
31	general	mirror selfie	鏡自撮り	wiki_verified	鏡を使ったセルフィー		鏡自撮り(wiki)|鏡を使ったセルフィー(mt)	
31	general	blue scrunchie	青い髪ゴム	mt_unverified	青い髪ゴム		青いシュシュ(tagpair)|青いヘアゴム(tagpair)|青い髪ゴム(mt)	mt_unverified
31	general	hairy	毛深い	mt_unverified	毛深い		毛深い(wiki)	mt_unverified
31	general	defloration	処女喪失	mt_unverified	処女喪失	処女|処女喪失	処女喪失(wiki)|破瓜(wiki)|処女(wiki)	han-outside-inventory;mt_unverified
31	copyright	atelier ryza	ライザのアトリエ	wiki				
31	general	notice lines	ライン注意	mt_unverified	ライン注意	注意到	ライン注意(mt)|気付く(wiki)	mt_unverified
31	general	water bottle	ウォーターボトル	wiki_verified	水筒	水筒|水瓶	ウォーターボトル(wiki)|水筒(wiki)|水瓶(wiki)	
31	general	clenched hand	握りしめた手	mt_unverified	握りしめた手	握りこぶし|握拳	握りしめた手(mt)|握り拳(wiki)|握りこぶし(wiki)|握拳(wiki)	mt_unverified
31	general	tied shirt	結ばれたシャツ	mt_unverified	結ばれたシャツ		結ばれたシャツ(mt)|裾結び(wiki)	mt_unverified
31	general	green dress	緑のドレス	mt_verified	緑のドレス		緑のドレス(tagpair)|緑の服(tagpair)	
31	general	angel wings	天使の羽	wiki_verified	天使の翼		天使の羽(wiki)|天使の翼(mt)|天使(tagpair)	
31	general	holding panties	下着を持つ	mt_unverified	下着を持つ		パンツであやとり(wiki)|下着を持つ(mt)	mt_unverified
31	general	hime cut	ヒメカット	mt_unverified	ヒメカット	公主切	姫カット(wiki)|公主切(wiki)|ヒメカット(mt)	mt_unverified
31	general	ceiling	天井	mt_verified	天井	天花板	天井(wiki)|天花板(wiki)	
31	copyright	kobayashi-san chi no maidragon	メイドラゴン	wiki		小林さんちのメイドラゴン|小林さんちのメイドラゴンS		
31	character	kokkoro (princess connect!)	コッコロ	wiki		棗こころ|コッコロ(プリコネ)		
31	general	blanket	毛布	mt_verified	毛布	毯子	毛布(wiki)|毯子(wiki)	
31	general	single horn	一本角	mt_unverified	一本角		一本の角(tagpair)|一本角(tagpair)|一角(wiki)	mt_unverified
31	copyright	gundam	ガンダム	wiki		ガンダムシリーズ|ウマ娘ガンダムダービー|宇宙世紀		
31	general	doll	ドール	wiki_verified	人形	お人形さん|人形|玩偶	ドール(wiki)|お人形さん(wiki)|人形(wiki)	
31	general	red horns	赤い角	mt_verified	赤い角		赤い角(tagpair)	
31	general	monitor	モニター	mt_verified	モニター	ディスプレイ	モニター(wiki)|ディスプレイ(wiki)	
31	general	red hat	赤い帽子	mt_verified	赤い帽子		赤い帽子(tagpair)|赤帽子(tagpair)	
31	general	mesugaki	メスガキ	mt_unverified	メスガキ	エロガキ|ガキ巨乳|雌小鬼	メスガキ(wiki)|エロガキ(wiki)|ガキ巨乳(wiki)	mt_unverified
31	general	musical note	音符	mt_unverified	音符	演奏記号	音符(wiki)|演奏記号(wiki)	mt_unverified
31	general	swivel chair	スウィベルチェア	wiki_verified	回転椅子	スウィベルチェア|回転椅子	スウィベルチェア(wiki)|回転椅子(wiki)|回転式チェア(wiki)|スィーベルチェア(tagpair)	
31	general	navel focus	へそのフォーカス	mt_verified	へそのフォーカス		へそのフォーカス(mt)|へそ(tagpair)|腹(tagpair)	
31	general	mismatched legwear	色違いの靴下	mt_unverified	色違いの靴下		不一致の靴下(tagpair)|ミスマッチの靴下(tagpair)|色違いの靴下(mt)	mt_unverified
31	general	holding leash	リードを持つ	mt_unverified	リードを持つ		リードを持つ(tagpair)|リードを持つ人(tagpair)	mt_unverified
31	general	nun headdress	修道女用頭飾り	mt_verified	修道女用頭飾り		修道女用頭飾り(mt)	
31	general	anal fingering	指アナル	wiki_verified	アナル指入れ		指アナル(wiki)|アナルフィンガー(tagpair)|アナルフィンガリング(tagpair)|アナル指入れ(mt)	
30	general	glowing	光る	wiki_verified	発光	輝く|発光	光る(wiki)|輝く(wiki)|光り輝く(tagpair)|発光(wiki)	
30	general	single bare shoulder	肩出しの女の子1人	mt_unverified	肩出しの女の子1人		片肩出し(tagpair)|片方肩出し(tagpair)|肩出しの女の子1人(mt)	mt_unverified
30	general	black bag	黒い鞄	tagpair_verified	黒いバッグ		黒い鞄(tagpair)|黒バッグ(tagpair)|黒いバッグ(mt)	
30	general	kodomo doushi	子供向け画像	mt_unverified	子供向け画像	子供同士	インピオ(wiki)|子供向け画像(mt)|子供同士(wiki)	mt_unverified
30	general	panty peek	パンティ見え	mt_unverified	パンティ見え		隙パン(wiki)|パンツちらり(tagpair)|パンティちらり(tagpair)|パンティ見え(mt)	mt_unverified
30	general	arm at side	腕を側面に	tagpair_verified	腕を横に		腕を側面に(tagpair)|腕を側面に置く(tagpair)|腕を横に(mt)	
30	general	police	警察	mt_verified	警察	警察|警察官	警察(wiki)|警察官(wiki)|おまわりさんの日(wiki)	
30	general	police uniform	警察制服	mt_verified	警察制服	セクシーポリス|東方警察	警察制服(mt)|ミニスカポリス(wiki)|セクシーポリス(wiki)|東方警察(wiki)	
30	general	o-ring top	Oリングトップス	mt_unverified	Oリングトップス		Oリングトップス(mt)	mt_unverified
30	general	crotchless panties	股間が見えないパンティー	mt_unverified	股間が見えないパンティー		股間が見えないパンティー(mt)|オープンショーツ(wiki)	sentence-like;mt_unverified
30	general	turning head	首を回す	mt_verified	首を回す		首を回す(mt)|首振り(tagpair)|横向き(tagpair)	
30	general	off-shoulder dress	オフショルダードレス	wiki_verified	肩出しドレス	オフショルダーワンピース	オフショルダードレス(wiki)|オフショルダーワンピース(wiki)|肩出しドレス(mt)	
30	general	tying hair	髪を結ぶ	mt_unverified	髪を結ぶ	髪を結ぶ|髪を結う	髪を結ぶ(wiki)|髪を結う(wiki)|髪結い(wiki)|ポニーテール(tagpair)	mt_unverified
30	general	outstretched arm	伸ばした腕	mt_unverified	伸ばした腕	伸手	伸ばした腕(mt)|手を伸ばす(wiki)|伸手(wiki)	mt_unverified
30	general	strap gap	ストラップの隙間	mt_verified	ストラップの隙間		ストラップの隙間(mt)|おっぱいロープウェイ(wiki)	
30	general	covered mouth	口元隠し	tagpair_verified	口を覆う		口元隠し(tagpair)|口元を覆う(tagpair)|口を覆う(mt)	
30	copyright	love live! sunshine!!	ラブライブサンシャイン	wiki		ラブライブ!サンシャイン!!		
30	general	cum on hands	手に精液	mt_unverified	手に精液		手に精液(mt)|掌受け(wiki)	mt_unverified
30	general	blue gloves	青い手袋	mt_verified	青い手袋		青い手袋(tagpair)|青いグローブ(tagpair)	
30	character	reisalin stout	ライザ	wikidata		ライザリン・シュタウト		
30	general	official style	公式スタイル	mt_unverified	公式スタイル	原作風	野生の公式(wiki)|公式スタイル(mt)|原作風(wiki)	mt_unverified
30	general	soap bubbles	泡	mt_unverified	泡	泡	シャボン玉(wiki)|泡(wiki)	mt_unverified
30	character	nanashi mumei	七詩ムメイ	wikidata		ムメ絵		
30	general	purple gloves	紫の手袋	tagpair_verified	紫色の手袋	紫色手套	紫の手袋(tagpair)|紫色の手袋(mt)	
30	general	frilled thigh strap	フリル付きニーハイストラップ	mt_unverified	フリル付きニーハイストラップ		フリル付きニーハイストラップ(mt)	sentence-like;mt_unverified
30	general	hands on own chest	胸に手	tagpair_verified	胸に手を当てる		胸に手(tagpair)|胸に手を置く(tagpair)|胸に手を当てる(mt)|双手放自己胸口(wiki)	
30	general	micro shorts	マイクロショーツ	tagpair_verified	ミニショーツ		マイクロショーツ(tagpair)|マイクロミニショーツ(tagpair)|ミニショーツ(mt)|ホットパンツ(wiki)	
30	general	stairs	階段	mt_verified	階段	楼梯	階段(wiki)|楼梯(wiki)	han-outside-inventory
30	character	marnie (pokemon)	マリィ	wiki		ユウマリ|マサマリ|ビトマリ|マリィっぱい		
30	general	dark anus	暗い肛門	mt_verified	暗い肛門		暗い肛門(tagpair)|黒い肛門(tagpair)	
30	general	bound legs	縛られた脚	mt_verified	縛られた脚	足枷	縛られた脚(mt)|足かせ(wiki)|足枷(wiki)	
30	copyright	black survival	ブラサバ	wiki		ブラックサバイバル|黑色幸存者		
30	character	eternal return: black survival	エターナルリターン	wiki				
30	general	dolphin hair ornament	イルカの髪飾り	mt_verified	イルカの髪飾り		イルカの髪飾り(tagpair)|イルカヘアピン(tagpair)	
30	copyright	pokemon legends: arceus	ポケモンレジェンズ	wiki		レジェンズアルセウス|LEGENDSアルセウス|ポケモンレジェンズアルセウス|ポケモンLegendsアルセウス		
30	character	rem (re:zero)	レム	wiki		レム(リゼロ)		
30	general	unconventional maid	変わったメイド	mt_unverified	変わったメイド		非伝統的なメイド(tagpair)|変わったメイド(mt)|非通常のメイド服(tagpair)	mt_unverified
30	general	masturbation	オナニー	wiki_verified	自慰行為	オナバレ|女オナニー|オナフェラ|公開オナニー	オナニー(wiki)|自慰行為(mt)|女オナニー(wiki)|オナバレ(wiki)	
30	general	bikini bottom pull	ビキニの下着を引っ張る	mt_verified	ビキニの下着を引っ張る		ビキニの下着を引っ張る(mt)|ビキニボトム引き(tagpair)|パンツ下ろし(wiki)	
30	character	sora (blue archive)	ソラ(ブルーアーカイブ)	wiki				
30	general	3d	3D	mt_verified	3D		3D(mt)	
29	general	pink bowtie	ピンクの蝶ネクタイ	mt_unverified	ピンクの蝶ネクタイ		ピンクの蝶ネクタイ(tagpair)	mt_unverified
29	general	upshorts	短くする	mt_unverified	短くする		ショートパンツ(tagpair)|ショートパンツの中(tagpair)|短くする(mt)	mt_unverified
29	general	arms under breasts	胸の下で腕を組む	mt_unverified	胸の下で腕を組む		胸の下で腕を組む(mt)|腕を胸の下に(tagpair)|腕を胸の下に置く(tagpair)|双手抱胸(wiki)	mt_unverified
29	general	pink pupils	ピンクの瞳孔	tagpair_verified	ピンクの瞳		ピンクの瞳孔(tagpair)|粉色瞳孔(wiki)|ピンク色の瞳(tagpair)|ピンクの瞳(mt)	morpheme-family
29	general	blue buruma	青いブルマ	mt_unverified	青いブルマ	青ブルマ|水色ブルマ	青ブルマ(wiki)|水色ブルマ(wiki)|青いブルマ(mt)|紺ブルマ(wiki)	mt_unverified
29	general	scar across eye	目の上の傷跡	mt_unverified	目の上の傷跡		目の横の傷(tagpair)|目の横の傷跡(tagpair)|目の上の傷跡(mt)	mt_unverified
29	general	:t	:女の子1人の全身写真、シンプルな背景、肩出し、制服、ニーハイ、金�	mt_unverified	:女の子1人の全身写真、シンプルな背景、肩出し、制服、ニーハイ、金�	ふくれっ面	膨れっ面(wiki)|ふくれっ面(wiki)|:女の子1人の全身写真、シンプルな背景、肩出し、制服、ニーハイ、金�(mt)	sentence-like;mt_unverified
28	general	braided hair rings	編み込みヘアリング	mt_unverified	編み込みヘアリング		ポンデリングヘア(wiki)|編み込みヘアリング(mt)	mt_unverified
28	general	chalkboard	黒板	mt_unverified	黒板	黑板	黒板(wiki)	mt_unverified
28	general	grey panties	グレーのパンティー	mt_unverified	グレーのパンティー		灰色のパンティ(tagpair)|グレーのパンティー(mt)|灰色の下着(tagpair)	mt_unverified
28	general	policewoman	女警察官	mt_unverified	女警察官	女警|婦人警官|女性警察官	女警察官(mt)|婦警(wiki)|女警(wiki)|婦人警官(wiki)	mt_unverified
28	general	hakama	袴	mt_verified	袴		袴(wiki)	han-outside-inventory
28	general	viewer holding leash	リードを持つ視聴者	mt_unverified	リードを持つ視聴者		リードを持つキャラクター(tagpair)|リードを持つ視聴者(tagpair)	mt_unverified
28	general	aqua necktie	水色のネクタイ	mt_unverified	水色のネクタイ		アクアカラーのネクタイ(tagpair)|水色のネクタイ(mt)	mt_unverified
28	general	neck ring	ネックレス	mt_unverified	ネックレス		首飾り(tagpair)|ネックレス(mt)|首輪(tagpair)	mt_unverified
28	general	taking picture	写真撮影	mt_unverified	写真撮影	写真撮影	写真を撮る(tagpair)|写真撮影(wiki)	mt_unverified
28	general	no eyes	目なし	mt_unverified	目なし		目なし(tagpair)|目なしキャラクター(tagpair)	mt_unverified
28	general	perky breasts	巨乳	mt_unverified	巨乳		巨乳(mt)	injected-word;mt_unverified
28	general	bridal veil	ウェディングベール	mt_unverified	ウェディングベール		ベール(tagpair)|花嫁のベール(tagpair)|ウェディングベール(mt)	mt_unverified
28	general	nervous	緊張している	mt_unverified	緊張している		緊張している(tagpair)	sentence-like;mt_unverified
27	general	electric fan	扇風機	mt_unverified	扇風機	扇風機	扇風機(wiki)|扇風機ぶわさ(wiki)	mt_unverified
27	general	earphones	イヤホン	mt_unverified	イヤホン	耳机	イヤホン(wiki)|耳机(wiki)	mt_unverified
27	general	shoulder cutout	肩出し	mt_unverified	肩出し	カットアウェイショルダー	オープンショルダー(wiki)|カットアウェイショルダー(wiki)|肩出し(mt)	mt_unverified
27	general	through clothes	服の下から	mt_unverified	服の下から		布越し(wiki)|服の下から(mt)	mt_unverified
27	general	breast curtains	ブラジャーカバー	mt_unverified	ブラジャーカバー	おっぱい前掛け|乳暖簾	乳カーテン(wiki)|おっぱい前掛け(wiki)|ブラジャーカバー(mt)	mt_unverified
27	general	midriff peek	お腹の露出	mt_unverified	お腹の露出	魅惑の腹チラ|腹部露出	腹チラ(wiki)|魅惑の腹チラ(wiki)|お腹の露出(mt)|腹部露出(wiki)	mt_unverified
27	general	television	テレビ	mt_unverified	テレビ		テレビ(wiki)	mt_unverified
27	general	suspended congress	中断された議会	mt_unverified	中断された議会	駅弁ファック|駅弁|駅弁(体位)	櫓立ち(wiki)|駅弁ファック(wiki)|中断された議会(mt)|駅弁(wiki)	mt_unverified
27	general	enmaided	助けられた	mt_unverified	助けられた		メイド服(tagpair)|メイドコスプレ(tagpair)|助けられた(mt)	mt_unverified
27	general	multiple horns	複数の角	mt_unverified	複数の角		複数の角(tagpair)|複数の角を持つキャラクター(tagpair)	mt_unverified
27	general	presenting armpit	脇の下を表示	mt_unverified	脇の下を表示	脇見せ|腋は性器|腋見せのポーズ|脇見せのポーズ	腋は性器(wiki)|脇の下を表示(mt)|腋見せのポーズ(tagpair)|腋見せ(wiki)|脇見せ(wiki)	mt_unverified
27	general	reaching	手を伸ばす	mt_unverified	手を伸ばす		手を伸ばす(tagpair)|手を伸ばす動作(tagpair)	mt_unverified
27	general	long sidelocks	長いサイドポニーテール	mt_unverified	長いサイドポニーテール		長いサイドテール(tagpair)|長いサイドポニー(tagpair)|長いサイドポニーテール(mt)	mt_unverified
27	general	unworn headwear	未使用の頭装飾品	mt_unverified	未使用の頭装飾品	脱下的帽子	未使用の頭装飾品(mt)|脱下的帽子(wiki)	mt_unverified
27	general	white choker	白いチョーカー	mt_unverified	白いチョーカー		白い首輪(tagpair)|白いチョーカー(tagpair)	mt_unverified
27	general	juliet sleeves	ジュリエットスリーブ	mt_unverified	ジュリエットスリーブ		ジュリエットスリーブ(wiki)	mt_unverified
27	general	flaccid	だらんとした	mt_unverified	だらんとした		弛緩したペニス(tagpair)|だらんとした(mt)	mt_unverified
27	general	5boys	5人の男の子	mt_unverified	5人の男の子		5人の男性(tagpair)|5人の男性キャラクター(tagpair)|5人の男の子(mt)	mt_unverified
27	general	harem outfit	ハレム服	mt_unverified	ハレム服	アラビアン娘|舞娘服|西域舞者|舞者服装	ハレム服(mt)|踊り子の服(wiki)|アラビアン娘(wiki)|舞娘服(wiki)|西域舞者(tagpair)	mt_unverified
27	general	frilled hairband	フリル付き髪帯	mt_unverified	フリル付き髪帯		フリル付きヘアバンド(tagpair)|フリル付き髪帯(mt)|フリルヘアバンド(tagpair)	mt_unverified
27	general	shower (place)	シャワールーム	mt_unverified	シャワールーム	シャワールーム	シャワー室(wiki)|シャワールーム(wiki)|シャワー場(tagpair)	mt_unverified
27	general	topless male	上半身裸の男性	mt_unverified	上半身裸の男性	側面全裸|上身裸体男性	上半身裸の男性(mt)|上半身裸(wiki)|上身裸体男性(wiki)	mt_unverified
27	general	toned	引き締まった筋肉	mt_unverified	引き締まった筋肉	精干身材	引き締まった体(tagpair)|引き締まった体つき(tagpair)|引き締まった筋肉(mt)|精干身材(wiki)	mt_unverified
27	general	gun	銃	mt_verified	銃	銃器|槍械|銃口	銃(wiki)|銃器(wiki)|槍械(wiki)	han-outside-inventory
27	general	penis over eyes	目の上のペニス	mt_unverified	目の上のペニス	チンポ目隠し	目の上のペニス(mt)|チンポ目隠し(wiki)|目隠し竿(wiki)	mt_unverified
27	general	symmetrical docking	対称的なドッキング	mt_unverified	対称的なドッキング	胸合わせ|おっぱいキス	対称的なドッキング(mt)|乳合わせ(wiki)|胸合わせ(wiki)|おっぱいキス(wiki)	mt_unverified
27	general	naizuri	ナイズリ	mt_unverified	ナイズリ	ナイズリ|ちっぱいズリ	無い擦り(wiki)|ナイズリ(wiki)|ちっぱいズリ(wiki)	mt_unverified
27	general	watching	見ている	mt_verified	見ている		見ている(mt)|見物(tagpair)|観察(tagpair)	sentence-like
27	general	joints	関節	mt_verified	関節		関節(wiki)	han-outside-inventory
27	general	used condom on penis	ペニスにコンドームを装着する	mt_unverified	ペニスにコンドームを装着する	ゴム射精	ペニスにコンドームを装着する(mt)|ゴム射(wiki)|ゴム射精(wiki)	sentence-like;mt_unverified
26	general	hand fan	扇子	mt_unverified	扇子		うちわ(tagpair)|扇子(tagpair)	mt_unverified
26	general	:<	:<	mt_unverified	:<		への字口(wiki)|:<(mt)	mt_unverified
26	general	leg tattoo	脚のタトゥー	mt_unverified	脚のタトゥー		足の刺青(tagpair)|足のタトゥー(tagpair)|脚のタトゥー(mt)	mt_unverified
26	general	asymmetrical gloves	非対称な手袋	mt_unverified	非対称な手袋		非対称な手袋(mt)	mt_unverified
26	general	absurdly long hair	異常に長い髪	mt_unverified	異常に長い髪	黒髪超ロング|ベリーロングヘア|スーパーロングヘア|ベリーロングヘアー	超ロングヘア(wiki)|ベリーロングヘア(wiki)|異常に長い髪(mt)|黒髪超ロング(wiki)	morpheme-family;mt_unverified
26	general	bow hairband	髪留め	mt_unverified	髪留め		ヘアバンドリボン(tagpair)|髪留め(mt)	mt_unverified
26	general	heart maebari	ハート模様	mt_unverified	ハート模様		ハート模様(mt)|ハート前貼り(tagpair)|ハート形前貼り(tagpair)	mt_unverified
26	general	lace-trimmed legwear	レース付きニーハイ	mt_unverified	レース付きニーハイ		レース縁の靴下(tagpair)|レース縁のストッキング(tagpair)|レース付きニーハイ(mt)	mt_unverified
26	general	cum on feet	足に精液	mt_unverified	足に精液	脚上的精液	足に精液(mt)|脚上的精液(wiki)|足射(wiki)	mt_unverified
26	general	car interior	車内	mt_unverified	車内		車内(mt)	mt_unverified
26	general	leg hold	脚を掴む	mt_unverified	脚を掴む		脚持ち上げ(tagpair)|脚持ち上げポーズ(tagpair)|脚を掴む(mt)	mt_unverified
26	general	tentacles	触手	mt_unverified	触手		触手(wiki)	mt_unverified
26	general	furry with non-furry	毛深いと毛深くない	mt_unverified	毛深いと毛深くない		毛深いと毛深くない(mt)|獣人(tagpair)|人間獣人(tagpair)	mt_unverified
26	general	chained	鎖で繋がれた	mt_unverified	鎖で繋がれた		鎖で縛られた(tagpair)|鎖で拘束された(tagpair)|鎖で繋がれた(mt)	mt_unverified
25	general	bandaid on face	顔の絆創膏	mt_unverified	顔の絆創膏		顔に絆創膏(tagpair)|顔の絆創膏(tagpair)	mt_unverified
25	general	looking afar	遠くを見つめる	mt_unverified	遠くを見つめる		遠くを見る(tagpair)|遠くを見つめる(tagpair)	mt_unverified
25	general	pom poms	ポンポン	mt_unverified	ポンポン		ポンポン(mt)	mt_unverified
25	general	grey sports bra	グレーのスポーツブラ	mt_unverified	グレーのスポーツブラ		灰色スポーツブラ(tagpair)|灰色スポーツブラジャー(tagpair)|グレーのスポーツブラ(mt)	mt_unverified
25	general	body markings	体の模様	mt_unverified	体の模様		身体的マーク(tagpair)|体の模様(mt)	mt_unverified
25	general	backless dress	肩出しドレス	mt_unverified	肩出しドレス	オープンバック	肩出しドレス(mt)|ぱっくり背中(wiki)|オープンバック(wiki)	mt_unverified
25	general	scared	怖がっている	mt_unverified	怖がっている	怖がる|怖がった|恐怖	怖がった(wiki)|怖がっている(mt)|怯える(wiki)|怖がる(wiki)	sentence-like;mt_unverified
25	general	cigarette	タバコ	mt_unverified	タバコ		タバコ(wiki)	mt_unverified
25	general	cutoffs	修正あり	mt_unverified	修正あり		カットジーンズ(wiki)|修正あり(mt)	mt_unverified
25	general	dripping	滴り落ちる	mt_unverified	滴り落ちる	滴り落ちる	滴り落ちる(wiki)|滴る(wiki)|濡れた(tagpair)	mt_unverified
25	general	eyes out of frame	目が枠外	mt_unverified	目が枠外	目元より下で切り出すとエ口いらしい	目が枠外(mt)|目元より下で切り出すとエロいらしい(wiki)|目元より下で切り出すとエ口いらしい(wiki)	mt_unverified
25	general	sitting on face	顔の上に座る	mt_unverified	顔の上に座る		顔の上に座る(mt)|顔面騎乗(wiki)	mt_unverified
25	general	claw pose	爪を立てたポーズ	mt_unverified	爪を立てたポーズ	ガオー	爪を立てたポーズ(mt)|がおー(wiki)|ガオー(wiki)	mt_unverified
25	general	crotch	股間	mt_unverified	股間		股間(wiki)	mt_unverified
25	general	red choker	赤いチョーカー	mt_unverified	赤いチョーカー		赤いチョーカー(tagpair)|赤のチョーカー(tagpair)	mt_unverified
25	general	architecture	建築	mt_verified	建築	建筑	建築(wiki)|建筑(wiki)	han-outside-inventory
25	general	cheating (relationship)	不倫	mt_unverified	不倫	浮気	浮気(wiki)	mt_unverified
25	general	partially fingerless gloves	指先が開いたグローブ	mt_unverified	指先が開いたグローブ		一部指なし手袋(tagpair)|部分指なし手袋(tagpair)|指先が開いたグローブ(mt)	mt_unverified
25	general	squiggle	曲線	mt_unverified	曲線	波線	ぐにゃぐにゃ(wiki)|グネグネ(tagpair)|グネグネ文字(tagpair)|曲線(mt)|波線(wiki)	mt_unverified
25	general	hand on headwear	頭装備に手を置く	mt_unverified	頭装備に手を置く		帽子に手(wiki)|頭装備に手を置く(mt)	mt_unverified
25	general	cupless bra	ノンワイヤーブラジャー	mt_unverified	ノンワイヤーブラジャー	トップレスブラ	オープンブラ(wiki)|ノンワイヤーブラジャー(mt)|トップレスブラ(wiki)	mt_unverified
25	general	spiked hair	スパイクヘア	mt_unverified	スパイクヘア		スパイクヘアー(tagpair)|スパイクヘア(mt)|ツンツン頭(wiki)	mt_unverified
24	general	grey shorts	グレーのショートパンツ	mt_unverified	グレーのショートパンツ		灰色の短パン(tagpair)|灰色の短ズボン(tagpair)|グレーのショートパンツ(mt)	mt_unverified
24	general	breasts on glass	ガラスの上の巨乳	mt_unverified	ガラスの上の巨乳		ガラスの上の巨乳(mt)|乳ワイパー(wiki)	injected-word;mt_unverified
24	general	handsfree paizuri	ハンズフリーの足コキ	mt_unverified	ハンズフリーの足コキ		ノーハンドパイズリ(wiki)|ハンズフリーの足コキ(mt)	mt_unverified
24	general	circlet	髪飾り	mt_unverified	髪飾り		サークレット(wiki)|髪飾り(mt)	mt_unverified
24	general	arrow (symbol)	矢印（記号）	mt_verified	矢印（記号）		矢印（記号）(mt)|矢印(wiki)|方向を示す記号(tagpair)	han-outside-inventory
24	general	penis on pussy	膣内のペニス	mt_unverified	膣内のペニス		ペニス挿入(tagpair)|ペニス挿入中(tagpair)|膣内のペニス(mt)	mt_unverified
24	general	sidelighting	横光	mt_unverified	横光		サイドライト(tagpair)|サイドライティング(tagpair)|横光(mt)	mt_unverified
24	general	cum in clothes	服に中出し	mt_unverified	服に中出し	衣服里的精液	衣服里的精液(wiki)|服に中出し(mt)|着ザー(wiki)	mt_unverified
24	general	triangle facial mark	三角形の顔の模様	mt_unverified	三角形の顔の模様		三角顔マーク(tagpair)|三角形の顔の模様(mt)|三角顔(tagpair)	mt_unverified
24	general	bondage cuffs	拘束用手錠	mt_unverified	拘束用手錠		拘束用手錠(mt)	mt_unverified
24	general	blurry foreground	ぼやけた前景	mt_unverified	ぼやけた前景		ぼやけた前景(mt)|虚化前景(wiki)	mt_unverified
24	general	single sock	片方だけの靴下	mt_unverified	片方だけの靴下		片足ソックス(wiki)|片方だけの靴下(mt)|片足靴下(tagpair)	mt_unverified
24	general	spoken blush	言葉による赤面	mt_unverified	言葉による赤面		赤面(tagpair)|赤面セリフ(tagpair)|言葉による赤面(mt)	mt_unverified
24	general	character censor	キャラクター修正あり	mt_unverified	キャラクター修正あり		キャラクター修正(tagpair)|キャラクターによる修正(tagpair)|キャラクター修正あり(mt)|自主規制(wiki)	mt_unverified
24	general	facial hair	ひげ	mt_unverified	ひげ	ヒゲ|髭	ひげ(wiki)|ヒゲ(wiki)|髭(wiki)	mt_unverified
24	general	tally	カウント	mt_unverified	カウント	正字	正の字(wiki)|カウント(mt)|正字(wiki)	mt_unverified
24	general	face in pillow	枕に顔を埋める	mt_unverified	枕に顔を埋める		枕に顔を埋める(tagpair)	mt_unverified
24	general	reverse spitroast	逆スピットロースト	mt_unverified	逆スピットロースト	トライアングル騎乗位	逆スピットロースト(mt)|ダブル騎乗位(wiki)|トライアングル騎乗位(wiki)|逆スピロースト(tagpair)|逆スピロースター(tagpair)	mt_unverified
24	general	clitoral stimulation	クリトリス刺激	mt_unverified	クリトリス刺激		クリ責め(wiki)|クリトリス刺激(mt)	mt_unverified
24	general	brown sash	茶色い帯	mt_unverified	茶色い帯		茶色の帯(tagpair)|茶色い帯(tagpair)	mt_unverified
24	general	matsuo bashou (sengoku collection)	松尾芭蕉（戦国編）	mt_unverified	松尾芭蕉（戦国編）		風流人・松尾芭蕉(tagpair)	han-outside-inventory;mt_unverified
23	general	under-rim eyewear	アンダーリムメガネ	mt_unverified	アンダーリムメガネ		アンダーリム(wiki)|アンダーリムメガネ(mt)	mt_unverified
23	general	copyright notice	著作権表示	mt_verified	著作権表示		著作権表示(mt)	han-outside-inventory
23	general	pantylines	パンティライン	mt_unverified	パンティライン	透け下着|パンティーライン	透けパン(wiki)|透け下着(wiki)|パンティーライン(wiki)|パンティライン(mt)	mt_unverified
23	general	frilled bra	フリル付きブラジャー	mt_unverified	フリル付きブラジャー		フリルブラ(wiki)|フリル付きブラジャー(tagpair)	mt_unverified
23	general	ass press	お尻押し	mt_unverified	お尻押し		ヒッププレス(wiki)|尻押し(tagpair)|お尻押し(mt)	morpheme-family;mt_unverified
23	general	toe scrunch	つま先絞り	mt_unverified	つま先絞り		つま先絞り(mt)|足の指を丸める(tagpair)	mt_unverified
23	general	reaching towards viewer	視聴者に手を伸ばす	mt_unverified	視聴者に手を伸ばす		視聴者に向かって手を伸ばす(tagpair)|視聴者に手を伸ばす(mt)|手を伸ばす(tagpair)	mt_unverified
23	general	measuring	測定	mt_unverified	測定		測定(mt)	han-outside-inventory;mt_unverified
23	general	balloon womb	風船のようなお腹	mt_unverified	風船のようなお腹		風船子宮(tagpair)|風船状子宮(tagpair)|風船のようなお腹(mt)	mt_unverified
23	general	hair tubes	髪飾り	mt_unverified	髪飾り		髪飾り(mt)|髪管(tagpair)|髪管飾り(tagpair)	mt_unverified
23	general	eyepatch bikini	目隠しビキニ	mt_unverified	目隠しビキニ	マスクブラ	眼帯ビキニ(wiki)|目隠しビキニ(mt)|マスクブラ(wiki)	mt_unverified
23	general	guided penetration	誘導された挿入	mt_unverified	誘導された挿入		誘導ペニス挿入(tagpair)|添え手挿入(wiki)|誘導された挿入(mt)|誘導挿入(tagpair)	mt_unverified
23	general	bridal lingerie	ウェディング下着	mt_unverified	ウェディング下着	ブライダルインナー|ウェディングビキニ|ブライダルランジェリー|ウェディングランジェリー	ブライダルインナー(wiki)|ウェディングランジェリー(tagpair)|ウェディング下着(wiki)|ウェディングビキニ(wiki)|花嫁の下着(tagpair)	mt_unverified
23	general	cleanup fellatio	修正ありフェラチオ	mt_unverified	修正ありフェラチオ	清理口交	お掃除フェラ(wiki)|修正ありフェラチオ(mt)|清理口交(wiki)	mt_unverified
23	general	pointless condom	無意味なコンドーム	mt_unverified	無意味なコンドーム		無意味なコンドーム(tagpair)|無意味なコンドーム使用(tagpair)	mt_unverified
22	general	half-spread pussy	半開きのマンコ	mt_unverified	半開きのマンコ		半開きのマンコ(mt)|半開きの股(tagpair)|半開きの股間(tagpair)	mt_unverified
22	general	holding handheld game console	携帯ゲーム機を持っている	mt_unverified	携帯ゲーム機を持っている		携帯ゲーム機を持っている(tagpair)|携帯ゲームコンソールを持っている(tagpair)	sentence-like;mt_unverified
22	general	dressing	着替え	mt_unverified	着替え	履く|着替え|羽織る|着替え中	着る(wiki)|履く(wiki)|着替え(wiki)|着替え中(tagpair)	mt_unverified
22	general	assisted exposure	露出補正	mt_unverified	露出補正	脱がせる|曝光身体	露出補正(mt)|脱がす(wiki)|脱がせる(wiki)	han-outside-inventory;mt_unverified
22	general	unworn eyewear	未使用の眼鏡	mt_unverified	未使用の眼鏡		外した眼鏡(wiki)|未使用の眼鏡(mt)	mt_unverified
22	general	motor vehicle	自動車	mt_unverified	自動車		自動車(tagpair)	mt_unverified
22	general	bandeau	バンドゥー	mt_unverified	バンドゥー	バンドゥビキニ	バンドゥ(wiki)|バンドゥビキニ(wiki)|バンドゥー(mt)	mt_unverified
22	general	picture frame	額縁	mt_unverified	額縁	額縁	額縁(tagpair)|写真立て(wiki)	han-outside-inventory;mt_unverified
22	general	glansjob	グランズジョブ	mt_unverified	グランズジョブ		亀頭責め(wiki)|グランズジョブ(mt)	mt_unverified
22	general	penis on ass	お尻のペニス	mt_verified	お尻のペニス		お尻のペニス(mt)|尻にペニス(tagpair)|尻に挿入(tagpair)	morpheme-family
22	general	linea alba	白線	mt_unverified	白線		腹直筋の線(tagpair)|白線(mt)|腹直筋線(tagpair)	mt_unverified
22	general	mouse tail	ネコの尾	mt_unverified	ネコの尾	老鼠尾巴	ネズミの尾(tagpair)|ネコの尾(mt)|老鼠尾巴(wiki)|鼠尾(wiki)	mt_unverified
22	general	doujin cover	同人誌表紙	mt_unverified	同人誌表紙	同人誌表紙	同人カバー(tagpair)|同人誌表紙(wiki)|同人表紙(tagpair)|あなたの同人誌表紙見せて(wiki)	han-outside-inventory;mt_unverified
22	general	pussy juice drip	オマンコ汁の滴り	mt_unverified	オマンコ汁の滴り		オマンコ汁の滴り(mt)	mt_unverified
22	general	mismatched pupils	色の合わない瞳	mt_unverified	色の合わない瞳		不同瞳孔(tagpair)|異形瞳孔(tagpair)|色の合わない瞳(mt)	mt_unverified
22	general	pervert	変態	mt_verified	変態		変態(wiki)	han-outside-inventory
22	general	dilation tape	拡大テープ	mt_unverified	拡大テープ		テープくぱぁ(wiki)|拡大テープ(mt)	mt_unverified
22	general	testicle grab	睾丸を掴む	mt_unverified	睾丸を掴む		睾丸を掴む(mt)|玉責め(tagpair)	mt_unverified
22	general	stuck	動けない	mt_unverified	動けない	挟まっちまった|壁尻	挟まっちまった(wiki)|埋め込み(wiki)|動けない(mt)|壁尻(wiki)	mt_unverified
21	general	spread pussy under clothes	服の下でおまんこを広げる	mt_verified	服の下でおまんこを広げる		服の下でおまんこを広げる(mt)|着衣くぱぁ(wiki)	sentence-like
21	general	jacket partially removed	ジャケットを半分脱いだ状態	mt_unverified	ジャケットを半分脱いだ状態		上着半脱ぎ(wiki)|ジャケットを半分脱いだ状態(mt)|ジャケット半分脱ぎ(tagpair)|ジャケット肩部分外し(tagpair)	sentence-like;mt_unverified
21	general	hand on own knee	自分の膝に手を置く	mt_unverified	自分の膝に手を置く		膝に手(tagpair)|膝に手を置く(tagpair)|自分の膝に手を置く(mt)	mt_unverified
21	general	talking	話す	mt_unverified	話す	会話	話す(wiki)|会話(wiki)	mt_unverified
21	general	grey pants	グレーのパンツ	mt_unverified	グレーのパンツ		灰色のパンツ(tagpair)|灰色のズボン(tagpair)|グレーのパンツ(mt)	mt_unverified
21	general	black shrug	黒いショルダーバッグ	mt_unverified	黒いショルダーバッグ		黒の肩掛け(tagpair)|黒い肩掛け(tagpair)|黒いショルダーバッグ(mt)	mt_unverified
21	general	grey dress	グレーのドレス	mt_unverified	グレーのドレス		灰色ドレス(tagpair)|灰色ワンピース(tagpair)|グレーのドレス(mt)	mt_unverified
21	general	cross-shaped pupils	十字形の瞳	mt_verified	十字形の瞳		十字形の瞳(mt)|十字型瞳孔(tagpair)|十字形瞳孔(tagpair)	morpheme-family
21	general	red capelet	赤い小さなマント	mt_unverified	赤い小さなマント		赤い小さなマント(mt)	mt_unverified
21	general	gen 1 pokemon	第1世代のポケモン	mt_unverified	第1世代のポケモン		第1世代のポケモン(mt)	mt_unverified
21	general	french braid	フレンチブレイド	mt_unverified	フレンチブレイド	みつあみ	三つ編み(wiki)|フレンチブレイド(mt)|みつあみ(wiki)	mt_unverified
21	general	partially unzipped	少し開いたファスナー	mt_unverified	少し開いたファスナー		半開きジッパー(tagpair)|半開きファスナー(tagpair)|少し開いたファスナー(mt)	mt_unverified
21	general	frilled shirt	フリル付きシャツ	mt_unverified	フリル付きシャツ		フリルシャツ(tagpair)|フリル付きシャツ(tagpair)	mt_unverified
21	general	cloak	マント	mt_unverified	マント		マント(wiki)	mt_unverified
21	general	cowlick	クセ毛	mt_unverified	クセ毛		逆巻き毛(tagpair)|クセ毛(mt)|逆毛(tagpair)	mt_unverified
21	general	untied panties	緩んだパンティー	mt_unverified	緩んだパンティー		緩んだパンティー(mt)|紐なしパンティ(tagpair)|紐なしショーツ(tagpair)	mt_unverified
21	general	colored extremities	彩色された手足	mt_unverified	彩色された手足		彩色された手足(mt)|多色性手脚(tagpair)|多色性手足(tagpair)	mt_unverified
21	general	strawberry print	イチゴ柄	mt_unverified	イチゴ柄	苺柄	イチゴ柄(wiki)|イチゴ模様(tagpair)|苺柄(wiki)	mt_unverified
21	general	red footwear	赤い靴	mt_unverified	赤い靴		赤い靴(tagpair)|赤の靴(tagpair)	mt_unverified
21	general	holding sex toy	オナホールを持つ	mt_unverified	オナホールを持つ		性玩具を持つ(tagpair)|性玩具を持つキャラクター(tagpair)|オナホールを持つ(mt)	mt_unverified
21	general	shimakaze (kancolle) (cosplay)	シマカゼ（カンコレ）（コスプレ）	mt_unverified	シマカゼ（カンコレ）（コスプレ）	鹿島風	シマカゼ（カンコレ）（コスプレ）(mt)|島風の服(wiki)|鹿島風(wiki)	sentence-like;mt_unverified
21	general	improvised gag	即興のギャグ	mt_unverified	即興のギャグ		即席口枷(tagpair)|即興のギャグ(mt)	mt_unverified
21	general	breast rest	胸当て	mt_unverified	胸当て	乗せ乳|のせてんのよ|乗せてんのよ	乳乗せ(wiki)|乗せ乳(wiki)|のせてんのよ(wiki)|胸当て(mt)	mt_unverified
21	general	nanatsuka ouse (homunculus)	七草オウセ（ホムンクルス）	mt_unverified	七草オウセ（ホムンクルス）		七草オウセ（ホムンクルス）(mt)	sentence-like;mt_unverified
20	general	computer keyboard	コンピューターのキーボード	mt_verified	コンピューターのキーボード		コンピューターのキーボード(mt)|キーボード(wiki)	sentence-like
20	general	aqua panties	水色のパンティー	mt_unverified	水色のパンティー		水色のパンティー(mt)|アクアブルー下着(tagpair)|アクアブルーショーツ(tagpair)	mt_unverified
20	general	multitasking	複数作業	mt_unverified	複数作業		ながらプレイ(wiki)|複数作業(mt)	mt_unverified
20	general	lab coat	実験着	mt_verified	実験着		実験着(mt)|白衣(wiki)	han-outside-inventory
20	general	gusset	ガセット	mt_unverified	ガセット		股マチ(tagpair)|股マチ付き(tagpair)|ガセット(mt)	mt_unverified
20	general	hands in own hair	髪をいじる手	mt_unverified	髪をいじる手		髪をいじる手(mt)	mt_unverified
20	general	riding	乗馬	mt_unverified	乗馬		乗馬(mt)|乗る(wiki)	mt_unverified
20	general	bra peek	ブラジャーの見え透き	mt_unverified	ブラジャーの見え透き		ブラチラ(wiki)|ブラジャーの見え透き(mt)	mt_unverified
20	general	bandaid hair ornament	絆創膏風の髪飾り	mt_unverified	絆創膏風の髪飾り		バンドエイドヘア(tagpair)|バンドエイドヘアアクセサリー(tagpair)|絆創膏風の髪飾り(mt)	mt_unverified
20	general	cat cutout	猫の切り抜き	mt_unverified	猫の切り抜き		猫の切り抜き(mt)	mt_unverified
20	general	bad anatomy	変なアニメーション	mt_unverified	変なアニメーション		変なアニメーション(mt)	mt_unverified
20	general	ancient egyptian	古代エジプト	mt_unverified	古代エジプト	エジプト娘|古代エジプト|褐色エジプト猫耳ロリ	エジプト娘(wiki)|古代エジプト(wiki)|エジプト(wiki)	mt_unverified
20	general	ball gag	口塞ぎ	mt_unverified	口塞ぎ	口球|球形口塞	ボールギャグ(wiki)|口球(wiki)|口塞ぎ(mt)|球形口塞(wiki)	mt_unverified
20	general	detached wings	外れた翼	mt_unverified	外れた翼		分離された翼(tagpair)|取り外された翼(tagpair)|外れた翼(mt)	mt_unverified
20	general	poke ball	ポケットボール	mt_unverified	ポケットボール		モンスターボール(wiki)|ポケットボール(mt)	mt_unverified
20	general	cross-laced clothes	交差紐の服	mt_unverified	交差紐の服		クロスレースの服(tagpair)|クロスレース(tagpair)|交差紐の服(mt)	mt_unverified
20	general	two-tone eyes	二色の瞳	mt_unverified	二色の瞳		二色の瞳(mt)|二色目(tagpair)|二色瞳(tagpair)	morpheme-family;mt_unverified
20	general	long pointy ears	長く尖った耳	mt_unverified	長く尖った耳		長い尖った耳(tagpair)|尖った長い耳(tagpair)|長く尖った耳(mt)|エルフ耳(wiki)	mt_unverified
20	general	come hither	こっちに来て	mt_unverified	こっちに来て	誘い受け|色仕掛け|誘ってやがる|誘惑	こっちに来て(mt)|据え膳(wiki)|誘い受け(wiki)|色仕掛け(wiki)	mt_unverified
20	general	??	??	mt_unverified	??		??(mt)	mt_unverified
20	general	dog tags	軍用識別札	mt_unverified	軍用識別札	認識票	ドッグタグ(wiki)|軍用識別札(mt)|認識票(wiki)	han-outside-inventory;mt_unverified
20	general	frilled choker	フリル付きチョーカー	mt_unverified	フリル付きチョーカー		フリル付きチョーカー(tagpair)|フリル付きネックレス(tagpair)	mt_unverified
20	general	kuronuma mayu (kat (bu-kunn))	黒沼まゆ（かとぶくん）	mt_unverified	黒沼まゆ（かとぶくん）		黒沼まゆ（かとぶくん）(mt)	mt_unverified
20	general	ancient egyptian clothes	古代エジプトの服	mt_unverified	古代エジプトの服		古代エジプトの服(mt)	mt_unverified
20	general	usekh collar	ユーセックカラー	mt_unverified	ユーセックカラー		ウセク(wiki)|ユーセックカラー(mt)	mt_unverified
20	general	green scrunchie	緑色の髪飾り	mt_unverified	緑色の髪飾り		緑のスクリューチ(tagpair)|緑のスクリューチー(tagpair)|緑色の髪飾り(mt)	mt_unverified
20	general	hands on another's hips	他人の腰に手を置く	mt_unverified	他人の腰に手を置く		腰に手を当てる(tagpair)|他人の腰に手を置く(mt)|腰に手を回す(tagpair)	mt_unverified
20	general	suspension	吊り下げ	mt_unverified	吊り下げ		吊り拘束(tagpair)|吊り(tagpair)|吊り下げ(mt)	mt_unverified
20	general	kaidou tomoya (homunculus)	海斗 智也（ホムンクルス）	mt_unverified	海斗 智也（ホムンクルス）		海斗 智也（ホムンクルス）(mt)	sentence-like;mt_unverified
19	general	hat bow	帽子のリボン	mt_unverified	帽子のリボン		帽子リボン(tagpair)|帽子リボン付き(tagpair)|帽子のリボン(mt)	mt_unverified
19	general	earclip	イヤーアクセサリー	mt_unverified	イヤーアクセサリー		イヤリング(tagpair)|イヤークリップ(tagpair)|イヤーアクセサリー(mt)	mt_unverified
19	general	green necktie	緑のネクタイ	mt_unverified	緑のネクタイ		緑のネクタイ(tagpair)	mt_unverified
19	general	see-through silhouette	透けたシルエット	mt_unverified	透けたシルエット		乳シルエット(wiki)|透けシルエット(tagpair)|透けるシルエット(tagpair)|透けたシルエット(mt)	mt_unverified
19	general	breast pocket	胸ポケット	mt_unverified	胸ポケット		胸ポケット(wiki)|胸ポケット付き(tagpair)	mt_unverified
19	general	tomboy	男の子っぽい女の子1人	mt_unverified	男の子っぽい女の子1人	おてんば|ボーイッシュ|男人婆	お転婆(wiki)|おてんば(wiki)|ボーイッシュ(wiki)|男の子っぽい女の子1人(mt)	mt_unverified
19	general	hand to own mouth	口元に手を当てる	mt_unverified	口元に手を当てる		口元に手を当てる(mt)|口元を隠さない手(tagpair)	mt_unverified
19	general	holding sword	剣を持つ	mt_unverified	剣を持つ		剣を持つ(tagpair)|剣を持つ人(tagpair)|剣士(wiki)	mt_unverified
19	general	crop top overhang	クロップトップのはみ出し	mt_unverified	クロップトップのはみ出し		クロップトップのはみ出し(mt)|乳カーテン(wiki)	sentence-like;mt_unverified
19	general	waving	手を振る	mt_unverified	手を振る		手を振る(wiki)	mt_unverified
19	general	cleaning fellatio	クリーニングフェラチオ	mt_unverified	クリーニングフェラチオ		クリーニングフェラチオ(mt)	mt_unverified
19	general	raglan sleeves	ラグランスリーブ	mt_unverified	ラグランスリーブ	ラグランスリーブ	ラグラン(wiki)|ラグランスリーブ(wiki)	mt_unverified
19	general	jirai kei	実写風	mt_unverified	実写風	地雷系|量産型|地雷女|地雷系女子	実写風(mt)|地雷(wiki)|地雷系(wiki)|量産型(wiki)|地雷系女子(tagpair)	mt_unverified
19	general	sleeve cuffs	袖口	mt_unverified	袖口		袖口(wiki)	mt_unverified
19	general	holding another's arm	他人の腕を掴む	mt_unverified	他人の腕を掴む		他人の腕を掴む(mt)|腕を組む(tagpair)|腕を持つ(tagpair)	mt_unverified
19	general	subscribestar username	サブスクスターのユーザー名	mt_unverified	サブスクスターのユーザー名		サブスクスターのユーザー名(mt)|サブスクスター(tagpair)	sentence-like;mt_unverified
19	general	grey pubic hair	灰色の陰毛	mt_unverified	灰色の陰毛		灰色の陰毛(mt)|灰色のパブリックヘア(tagpair)|灰色の毛(tagpair)	mt_unverified
19	general	pov doorway	ドア口の視点	mt_unverified	ドア口の視点		ドア口の視点(mt)|ドア越しの視点(tagpair)|ドアの開いた視点(tagpair)	mt_unverified
19	general	condom packet strip	コンドーム包装紙	mt_unverified	コンドーム包装紙		コンドームのパック(tagpair)|コンドーム包装紙(mt)	mt_unverified
19	general	kimono pull	着物の引き紐	mt_unverified	着物の引き紐		着物引き(tagpair)|着物引きずり(tagpair)|着物の引き紐(mt)	mt_unverified
19	general	tail raised	尾を立てる	mt_unverified	尾を立てる		尾を上げる(tagpair)|尻尾を上げる(tagpair)|尾を立てる(mt)	mt_unverified
19	general	two-tone background	二色背景	mt_unverified	二色背景		二色背景(tagpair)|双色背景(wiki)|二色背景画(tagpair)	mt_unverified
19	general	ass ripple	お尻のくぼみ	mt_unverified	お尻のくぼみ		尻の波(tagpair)|お尻のくぼみ(mt)|尻波(tagpair)	morpheme-family;mt_unverified
19	general	legs over head	足を頭の上に	mt_unverified	足を頭の上に		脚を頭の上に置く(tagpair)|足を頭の上に(mt)|脚を頭の後ろに(tagpair)	mt_unverified
19	general	anilingus	アナルフェラ	mt_unverified	アナルフェラ	アナル舐めフェラ|アナル舐めパイズリ|ピラミッドポジション|アナル舐めフェラチオ	アナル舐め(wiki)|アナル舐めフェラ(wiki)|アナル舐めパイズリ(wiki)|アナルフェラ(mt)	mt_unverified
19	general	69	69体位	mt_unverified	69体位	69体位	69体位(wiki)|シックスナイン(wiki)	mt_unverified
19	general	large testicles	巨大な睾丸	mt_unverified	巨大な睾丸	大睾丸	巨大な睾丸(mt)|巨玉(wiki)	mt_unverified
19	general	hairjob	髪型加工	mt_unverified	髪型加工	髪コキチンカス掃除	髪コキ(wiki)|髪コキチンカス掃除(wiki)|髪型加工(mt)	mt_unverified
19	general	female pervert	女好き変態	mt_unverified	女好き変態		痴女(wiki)|変態淑女(tagpair)|女好き変態(mt)	mt_unverified
19	general	censored nipples	修正ありの乳首	mt_unverified	修正ありの乳首		乳輪モザイク(tagpair)|修正ありの乳首(mt)|乳輪修正(tagpair)	mt_unverified
19	general	biting	噛む	mt_unverified	噛む	噛み付き|噛みつき|噛みつく	噛む(wiki)|噛み付き(wiki)	mt_unverified
18	general	stained sheets	汚れたシーツ	mt_unverified	汚れたシーツ		汚れたシーツ(mt)	mt_unverified
18	general	glowing eyes	輝く瞳	mt_unverified	輝く瞳	眼光	光る目(wiki)|輝く瞳(mt)|眼光(wiki)	mt_unverified
18	general	chest sarashi	胸当て	mt_unverified	胸当て		胸当て(mt)|さらし(wiki)	mt_unverified
18	general	mole on neck	首のほくろ	mt_unverified	首のほくろ		首のほくろ(tagpair)	mt_unverified
18	general	fingering through clothes	服の中を指で探る	mt_unverified	服の中を指で探る		隔衣手淫(wiki)|服の上から指で(tagpair)|服の上から指で触る(tagpair)|服の中を指で探る(mt)	mt_unverified
18	general	hand on own stomach	自分のお腹に手を当てる	mt_unverified	自分のお腹に手を当てる		自分の腹に手を置く(tagpair)|自分の腹に手を当てる(tagpair)|自分のお腹に手を当てる(mt)	mt_unverified
18	general	red-framed eyewear	赤いフレームの眼鏡	mt_unverified	赤いフレームの眼鏡	赤眼鏡|赤縁眼鏡	赤眼鏡(wiki)|赤縁メガネ(wiki)|赤いフレームの眼鏡(mt)|赤縁眼鏡(wiki)	mt_unverified
18	general	holding own hair	自分の髪を持つ	mt_unverified	自分の髪を持つ		自分の髪を持つ(tagpair)|自分の髪を持つ人(tagpair)	mt_unverified
18	general	huge ahoge	巨大なアホゲ	mt_unverified	巨大なアホゲ		巨大なアホゲ(mt)|超アホ毛(wiki)|巨大アホ毛(tagpair)	mt_unverified
18	general	yellow bowtie	黄色い蝶ネクタイ	mt_unverified	黄色い蝶ネクタイ		黄色い蝶ネクタイ(tagpair)|黄色の蝶ネクタイ(tagpair)	mt_unverified
18	general	ejaculation between breasts	巨乳の間での射精	mt_unverified	巨乳の間での射精		巨乳の間での射精(mt)	injected-word;mt_unverified
18	general	chibi	チビ	mt_unverified	チビ	チビ|SDメカ|ちびキャラ|ちびきゃら	ちびキャラ(tagpair)|ちび(wiki)|チビ(wiki)|SDメカ(wiki)|ミニキャラ(tagpair)	mt_unverified
18	general	;)	;)	mt_unverified	;)		ウインク笑顔(tagpair)|ウインクスマイル(tagpair)|;)(mt)	mt_unverified
18	general	sagging breasts	垂れた巨乳	mt_unverified	垂れた巨乳	長乳	垂れ乳(wiki)|長乳(wiki)|垂れた巨乳(mt)	injected-word;mt_unverified
18	general	convenient hair	使いやすい髪飾り	mt_unverified	使いやすい髪飾り	ディフェンスに定評のある髪	髪ブラ(wiki)|使いやすい髪飾り(mt)|ディフェンスに定評のある髪(wiki)	mt_unverified
18	general	hair over breasts	胸の上の髪	mt_unverified	胸の上の髪		髪ブラ(wiki)|胸の上の髪(mt)	mt_unverified
18	general	penis measuring	ペニスのサイズ測定	mt_unverified	ペニスのサイズ測定		ペニスのサイズ測定(mt)|下腹部定規(wiki)	mt_unverified
18	general	grey cardigan	グレーのカーディガン	mt_unverified	グレーのカーディガン		灰色のカーディガン(tagpair)|グレーのカーディガン(mt)	mt_unverified
18	general	testicle sucking	睾丸を吸う	mt_unverified	睾丸を吸う	玉舐め|玉フェラ|玉しゃぶり	睾丸を吸う(mt)|玉吸い(wiki)|玉舐め(wiki)|玉フェラ(wiki)	mt_unverified
18	general	hand on another's face	他人の顔に手を置く	mt_unverified	他人の顔に手を置く		顔に手を置く(tagpair)|顔に手を添える(tagpair)|他人の顔に手を置く(mt)	mt_unverified
18	general	undressing another	他人の服を脱がせる	mt_unverified	他人の服を脱がせる		脱がせる(tagpair)|他人の服を脱がせる(mt)|脱衣(tagpair)	mt_unverified
18	general	!!	!!	mt_unverified	!!		!!(mt)|二重感嘆符(tagpair)	mt_unverified
18	general	mismatched pubic hair	形の合わない陰毛	mt_unverified	形の合わない陰毛		色違い陰毛(wiki)|形の合わない陰毛(mt)	mt_unverified
18	general	chest harness	胸当て	mt_unverified	胸当て		ハーネス(wiki)|胸当て(mt)	mt_unverified
18	general	miko	巫女	mt_unverified	巫女	巫女服	巫女服(wiki)|巫女(wiki)	mt_unverified
18	general	headpat	頭を撫でる	mt_unverified	頭を撫でる	撫でる|なでなで|頭なでなで	なでる(wiki)|撫でる(wiki)|なでなで(wiki)|頭なでなで(tagpair)|頭を撫でる(mt)	mt_unverified
18	general	crescent	三日月形	mt_unverified	三日月形	新月|三日月	三日月形(mt)|三日月(tagpair)|みかづき(wiki)|新月(wiki)	mt_unverified
18	general	virgin killer sweater	処女殺人犯セーター	mt_unverified	処女殺人犯セーター	例のセーター|童貞を殺すセーター	処女殺人犯セーター(mt)|例のセーター(wiki)|童貞を殺すセーター(wiki)|スケベニット(wiki)	mt_unverified
18	general	phimosis	包茎	mt_verified	包茎		包茎(wiki)	han-outside-inventory
18	general	blue gem	青い宝石	mt_unverified	青い宝石	青玉	青い宝石(mt)|サファイア(wiki)|青玉(wiki)	mt_unverified
18	general	aged up	年上バージョン	mt_unverified	年上バージョン	30ライブ!|オトナけもフレ|成長ダミアニャ|成長イブキシリーズ	大人モード(wiki)|30ライブ!(wiki)|オトナけもフレ(wiki)|年上バージョン(mt)|大人化(tagpair)	mt_unverified
18	general	cooperative paizuri	協力的なペイズリー	mt_unverified	協力的なペイズリー	ダブルパイズリ|横乳Wパイズリ|トリプルパイズリ|クアドラブルパイズリ	協力的なペイズリー(mt)|Wパイズリ(wiki)|ダブルパイズリ(wiki)|横乳Wパイズリ(wiki)	mt_unverified
18	general	pole	ポール	mt_unverified	ポール	さお|ポール|棒|竿	ポールダンス(tagpair)|ぼう(wiki)|さお(wiki)|ポール(wiki)|旗竿(tagpair)	mt_unverified
18	general	shortstack	ショートヘアの女の子1人	mt_unverified	ショートヘアの女の子1人		ショートスタック(wiki)|ショートヘアの女の子1人(mt)	sentence-like;mt_unverified
18	general	emile elanos	エミール・エラノス	mt_unverified	エミール・エラノス		エミール・エルァノス(tagpair)|エミール・エラノス(mt)	mt_unverified
18	general	roswaal mansion maid uniform	ロズウォール邸メイド服	mt_unverified	ロズウォール邸メイド服		ローザワールの館メイド服(tagpair)|ロズウォール邸メイド服(mt)	mt_unverified
18	general	furukawa otoha	古川音葉	mt_unverified	古川音葉		古川音葉(mt)	mt_unverified
18	general	porno (dohna dohna)	ポルノ (ドンナ・ドンナ)	mt_unverified	ポルノ (ドンナ・ドンナ)		ポルノ(tagpair)|ポルノ(ドーナドーナ)(tagpair)|ポルノ (ドンナ・ドンナ)(mt)	sentence-like;mt_unverified
17	general	bandaid on knee	膝の絆創膏	mt_unverified	膝の絆創膏		膝の絆創膏(mt)	mt_unverified
17	general	ass support	お尻のサポート	mt_unverified	お尻のサポート		お尻のサポート(mt)|尻持ち上げ(tagpair)	morpheme-family;mt_unverified
17	general	self wedgie	自分で股間を押さえる	mt_unverified	自分で股間を押さえる		セルフウェッジ(tagpair)|自分で股間を押さえる(mt)	mt_unverified
17	general	ass tattoo	お尻のタトゥー	mt_unverified	お尻のタトゥー		尻のタトゥー(tagpair)|お尻のタトゥー(mt)	morpheme-family;mt_unverified
17	general	platform sandals	プラットフォームサンダル	mt_verified	プラットフォームサンダル		プラットフォームサンダル(mt)|厚底サンダル(wiki)	sentence-like
17	general	humping	腰を振る動作	mt_unverified	腰を振る動作	ヘコヘコ	腰ヘコ(wiki)|ヘコヘコ(wiki)|擦り付け(tagpair)|擦り付ける(tagpair)|腰を振る動作(mt)	mt_unverified
17	general	knees	膝	mt_unverified	膝		膝(wiki)	mt_unverified
17	general	grey sweater	グレーのセーター	mt_unverified	グレーのセーター		灰色セーター(tagpair)|グレーのセーター(mt)|灰色のスウェット(tagpair)	mt_unverified
17	general	print bra	ブラジャーをプリントする	mt_verified	ブラジャーをプリントする		ブラジャーをプリントする(mt)|プリント柄のブラジャー(tagpair)|プリントブラ(tagpair)	sentence-like
17	general	male swimwear	男性用水着	mt_unverified	男性用水着	ビキニパンツ|ブーメランパンツ	男性用水着(mt)|競パン(wiki)|ビキニパンツ(wiki)|ブーメランパンツ(wiki)	mt_unverified
17	general	railing	手すり	mt_unverified	手すり		手すり(wiki)	mt_unverified
17	general	spreading another's pussy	他人のマンコを広げる	mt_unverified	他人のマンコを広げる		他人のマンコを広げる(mt)|他人の女性器を広げる(tagpair)	mt_unverified
17	general	reach-around	後ろから手を伸ばす	mt_unverified	後ろから手を伸ばす		後ろから手を伸ばす(mt)|背後から手コキ(wiki)	mt_unverified
17	general	partially undressed	半裸	mt_unverified	半裸	ほぼ裸|半裸|半分裸	半脱ぎ(wiki)|ほぼ裸(wiki)|半裸(wiki)	mt_unverified
17	general	dick-o-meter	ディコメーター	mt_unverified	ディコメーター		ディコメーター(mt)	mt_unverified
17	general	low-braided long hair	低い三つ編みの長い髪	mt_verified	低い三つ編みの長い髪		低い三つ編みの長い髪(mt)|低位置編み込み(tagpair)|低位置編み込み髪(tagpair)	morpheme-family
17	general	glaring	鋭い視線	mt_unverified	鋭い視線		ニラマレ(wiki)|ジト目(tagpair)|鋭い視線(mt)	mt_unverified
17	general	animal ear headwear	動物の耳が付いたヘッドギア	mt_unverified	動物の耳が付いたヘッドギア		動物耳帽子(tagpair)|動物耳付き帽子(tagpair)|動物の耳が付いたヘッドギア(mt)	sentence-like;mt_unverified
17	general	nervous sweating	緊張で汗が出る	mt_unverified	緊張で汗が出る		冷や汗(wiki)|緊張で汗が出る(mt)	mt_unverified
17	general	half-closed eye	目を半分閉じる	mt_unverified	目を半分閉じる	半眼	半目(wiki)|目を半分閉じる(mt)|半眼(wiki)	mt_unverified
17	general	navel cutout	おへそ開き	mt_unverified	おへそ開き		へそ窓(wiki)|おへそ開き(mt)|ヘソ出し(tagpair)|へそ出し(tagpair)	mt_unverified
17	general	holding game controller	ゲームコントローラーを持つ	mt_unverified	ゲームコントローラーを持つ		ゲームコントローラーを持つ(tagpair)|ゲームコントローラーを持つ人(tagpair)	sentence-like;mt_unverified
17	general	dappled sunlight	斑々とした日差し	mt_unverified	斑々とした日差し		木漏れ日(wiki)|斑々とした日差し(mt)	mt_unverified
17	general	sleeveless turtleneck	ノースリーブタートルネック	mt_verified	ノースリーブタートルネック		ノースリーブタートルネック(mt)|アメリカンスリーブ(wiki)	sentence-like
17	general	frilled thighhighs	フリル付きニーハイ	mt_unverified	フリル付きニーハイ		フリル付き膝丈ストッキング(tagpair)|フリル付き膝上丈ストッキング(tagpair)|フリル付きニーハイ(mt)	mt_unverified
17	general	holding popsicle	アイスを持つ	mt_unverified	アイスを持つ		アイスを持つ(mt)|アイスキャンディーを持つ(tagpair)|アイスキャンディー(tagpair)	mt_unverified
17	general	hand on another's stomach	他人のお腹に手を置く	mt_unverified	他人のお腹に手を置く		他人のお腹に手を置く(mt)|相手の腹に手を置く(tagpair)|相手の腹に手を当てる(tagpair)	mt_unverified
17	general	body fur	体毛	mt_unverified	体毛		体毛(tagpair)	mt_unverified
17	general	fur-trimmed gloves	毛皮付き手袋	mt_unverified	毛皮付き手袋		毛皮縁の手袋(tagpair)|毛皮付き手袋(mt)	mt_unverified
17	general	implied fellatio	フェラチオの暗示	mt_unverified	フェラチオの暗示		暗示的なフェラ(tagpair)|暗示的なフェラチオ(tagpair)|フェラチオの暗示(mt)|暗示口交(wiki)	mt_unverified
17	general	topknot	お団子頭	mt_unverified	お団子頭		お団子ヘア(tagpair)|お団子頭(mt)|結髪(tagpair)	mt_unverified
17	general	fundoshi	股引き	mt_unverified	股引き	フンドシ|ふんどし娘|ふんどしビキニ	ふんどし(wiki)|フンドシ(wiki)|ふんどし娘(wiki)|股引き(mt)	mt_unverified
17	general	pinafore dress	エプロンドレス	mt_unverified	エプロンドレス	エプロンドレス|ジャンパースカート	エプロンドレス(wiki)|ピナフォア(wiki)|ジャンパースカート(wiki)	mt_unverified
17	general	bald male	ハゲ男	mt_unverified	ハゲ男		ハゲ男(mt)	mt_unverified
17	general	cervical penetration	子宮頸部への挿入	mt_unverified	子宮頸部への挿入		子宮頸部への挿入(mt)|子宮姦(wiki)	mt_unverified
17	general	armpit lips	脇の唇	mt_unverified	脇の唇		脇の唇(mt)	mt_unverified
17	general	sue cornet	スー・コルネット	mt_unverified	スー・コルネット		スー・コルネット(mt)	mt_unverified
16	general	pussy focus	巨乳フォーカス	mt_unverified	巨乳フォーカス		膣フォーカス(tagpair)|巨乳フォーカス(mt)|膣中心(tagpair)	injected-word;mt_unverified
16	general	multi-strapped panties	複数のストラップ付きパンティー	mt_unverified	複数のストラップ付きパンティー		多ストラップパンティ(tagpair)|複数のストラップ付きパンティー(mt)	sentence-like;mt_unverified
16	general	striped neckwear	ストライプのネックウェア	mt_verified	ストライプのネックウェア		ストライプのネックウェア(mt)	sentence-like
16	general	exercising	運動	mt_unverified	運動	運動|体操	エクササイズ(wiki)|運動(wiki)|体操(wiki)	mt_unverified
16	general	splashing	水しぶき	mt_unverified	水しぶき	液体を撒く	水しぶき(wiki)|液体を撒く(wiki)|しぶき(tagpair)	mt_unverified
16	general	suspender skirt	スパンデックススカート	mt_unverified	スパンデックススカート	吊りスカート|ジャンパースカート|ハイウエストサスペンダースカート	吊りスカート(wiki)|ジャンパースカート(wiki)|スパンデックススカート(mt)|ジャンスカ(wiki)	mt_unverified
16	general	livestream	ライブ配信	mt_unverified	ライブ配信	ライブチャット|配信|直播|生放送	ライブ配信(wiki)|ライブチャット(wiki)|配信(wiki)|生放送(tagpair)	mt_unverified
16	general	animal costume	動物のコスチューム	mt_unverified	動物のコスチューム		動物の衣装(tagpair)|動物コスチューム(tagpair)|動物のコスチューム(mt)	mt_unverified
16	general	light frown	わずかなしわ顔	mt_unverified	わずかなしわ顔		軽い眉間寄せ(tagpair)|軽いしかめっ面(tagpair)|わずかなしわ顔(mt)	mt_unverified
16	general	double strap slip	二本ストラップのスリップドレス	mt_unverified	二本ストラップのスリップドレス		二本ストラップのスリップドレス(mt)	sentence-like;mt_unverified
16	general	white-framed eyewear	白いフレームの眼鏡	mt_unverified	白いフレームの眼鏡		白縁メガネ(tagpair)|白いフレームの眼鏡(mt)|白縁眼鏡(tagpair)	mt_unverified
16	general	amazon position	アマゾンポーズ	mt_unverified	アマゾンポーズ	ちんぐり騎乗位	アマゾンポーズ(mt)|ちんぐり騎乗位(wiki)|種搾りプレス(wiki)	mt_unverified
16	general	buruma aside	ブルマは除外	mt_unverified	ブルマは除外		股布ずらし(wiki)|ブルマは除外(mt)	mt_unverified
16	general	long twintails	長いツインテール	mt_unverified	長いツインテール		長いツインテール(mt)	mt_unverified
16	general	shoulder armor	肩当て	mt_unverified	肩当て	肩パッド|肩当	肩当て(wiki)|肩パッド(wiki)|肩当(wiki)	mt_unverified
16	general	unworn hat	未使用の帽子	mt_unverified	未使用の帽子	脱下的帽子	未使用の帽子(mt)|脱下的帽子(wiki)	mt_unverified
16	general	scribble censor	スクリブル修正あり	mt_unverified	スクリブル修正あり		スクリブル修正あり(mt)|乱雑な修正(tagpair)|乱雑なモザイク(tagpair)	mt_unverified
16	general	barbell piercing	バーベルピアス	mt_unverified	バーベルピアス		バーベルピアス(tagpair)|バー型ピアス(tagpair)	mt_unverified
16	general	dual persona	二つの姿	mt_unverified	二つの姿	同一キャラ|もう一人の自分|精分|二重人格	同キャラ(wiki)|同一キャラ(wiki)|もう一人の自分(wiki)|二重人格キャラクター(tagpair)|二つの姿(mt)	mt_unverified
16	general	grey hat	グレーハット	mt_unverified	グレーハット		灰色の帽子(tagpair)|灰色の頭巾(tagpair)|グレーハット(mt)	mt_unverified
16	general	holding swim ring	水遊び用リングを持つ	mt_unverified	水遊び用リングを持つ		水遊び用リングを持つ(mt)|浮き輪を持つ(tagpair)|スイムリングを持つ(tagpair)	mt_unverified
16	general	ofuda	お守り	mt_unverified	お守り	符|御札|神符|画符	お札(wiki)|お守り(mt)|符(wiki)|御札(wiki)|神符(tagpair)	mt_unverified
16	general	drink carton	飲料のパック	mt_unverified	飲料のパック		飲料のパック(mt)	mt_unverified
16	general	spoken musical note	発声音符	mt_unverified	発声音符		音楽記号(tagpair)|音楽記号付きセリフ(tagpair)|発声音符(mt)	mt_unverified
16	general	lube	潤滑剤	mt_unverified	潤滑剤		ローション(tagpair)|潤滑剤(tagpair)	han-outside-inventory;mt_unverified
16	general	on one knee	片膝つく	mt_unverified	片膝つく		片膝立ち(wiki)|片膝つく(mt)	mt_unverified
16	general	smelling penis	ペニスの匂い	mt_unverified	ペニスの匂い	チン嗅ぎ|ちんかぎ|ちんこくんか	ちん嗅ぎ(wiki)|チン嗅ぎ(wiki)|ペニスの匂い(mt)|ちんかぎ(wiki)|ちんこくんか(tagpair)	mt_unverified
16	general	spoken squiggle	話すスクィッグル	mt_unverified	話すスクィッグル		話すスクイグル(tagpair)|話すスクィッグル(mt)	mt_unverified
16	general	glint	きらめき	mt_unverified	きらめき		輝き(tagpair)|きらめき(mt)|反射光(tagpair)	mt_unverified
16	general	striped horns	縞模様の角	mt_unverified	縞模様の角		縞模様の角(tagpair)|ストライプの角(tagpair)	mt_unverified
16	general	fang out	全身を見せる	mt_unverified	全身を見せる		牙を出す(tagpair)|牙をむき出しにする(tagpair)|全身を見せる(mt)	mt_unverified
16	general	gokkun	ゴックン	mt_unverified	ゴックン	ゴムから精飲|精飲	ごっくん(wiki)|ゴムから精飲(wiki)|ゴックン(mt)|精飲(wiki)	mt_unverified
16	general	cooperative handjob	協力的なハンドジャック	mt_unverified	協力的なハンドジャック	W乳首舐め手コキ	協力的なハンドジャック(mt)|W手コキ(wiki)|W乳首舐め手コキ(wiki)	mt_unverified
16	general	frottage	フロッタージュ	mt_unverified	フロッタージュ	兜合わせ	膝コキ(wiki)|兜合わせ(wiki)|フロッタージュ(mt)	mt_unverified
16	general	plunging neckline	深いVネック	mt_unverified	深いVネック	深V	プランジングネック(wiki)|深いVネック(mt)|深V(wiki)	mt_unverified
16	general	cum in container	容器内に精液	mt_unverified	容器内に精液		精液容器(tagpair)|容器内に精液(mt)	mt_unverified
15	general	playing video games	ビデオゲームをプレイする	mt_verified	ビデオゲームをプレイする		ビデオゲームをプレイする(mt)	sentence-like
15	general	strappy heels	ストラップヒール	mt_unverified	ストラップヒール		ストラップヒール(mt)	mt_unverified
15	general	hands on another's thighs	他人のニーハイに手を置く	mt_unverified	他人のニーハイに手を置く		相手の太ももに手を置く(tagpair)|相手の太ももに手を当てる(tagpair)|他人のニーハイに手を置く(mt)	sentence-like;mt_unverified
15	general	sharp fingernails	鋭い爪	mt_unverified	鋭い爪		鋭い爪(tagpair)|尖った爪(tagpair)	mt_unverified
15	general	giving wedgie	ウェッジをする	mt_unverified	ウェッジをする		ウェッジをする(mt)	mt_unverified
15	general	katana	刀	mt_unverified	刀	打刀|太刀|日本刀	刀(wiki)|打刀(wiki)|太刀(wiki)|日本刀(tagpair)	mt_unverified
15	general	panties around ankles	足首周りのパンティー	mt_unverified	足首周りのパンティー		足首周りのパンティー(mt)|下着が足首に(tagpair)	mt_unverified
15	general	panties around one ankle	片方の足首周りのパンティー	mt_verified	片方の足首周りのパンティー		片方の足首周りのパンティー(mt)|パンツ片足(tagpair)|片足パンツ(tagpair)	sentence-like
15	general	two-tone gloves	二色の手袋	mt_unverified	二色の手袋		二色の手袋(mt)|二色手袋(tagpair)	mt_unverified
15	general	double-breasted	二つ折り襟	mt_unverified	二つ折り襟		二つ折り襟(mt)|両前(wiki)	mt_unverified
15	general	lace-trimmed thighhighs	レース付きニーハイ	mt_unverified	レース付きニーハイ		レース縁付き膝上ストッキング(tagpair)|レース付きニーハイ(mt)|レース縁付き膝丈ストッキング(tagpair)	mt_unverified
15	general	knees apart feet together	脚を広げて足を揃える	mt_unverified	脚を広げて足を揃える		足を揃える(tagpair)|膝を開く(tagpair)|脚を広げて足を揃える(mt)	mt_unverified
15	general	mechanical arms	機械の腕	mt_unverified	機械の腕	ロボアーム|機械腕|義肢拘束	メカ腕(wiki)|機械の腕(mt)|機械腕(wiki)|ロボアーム(wiki)	mt_unverified
15	general	head between breasts	胸の間の顔	mt_unverified	胸の間の顔	かまくらぱふぱふ	胸の間の顔(mt)|ぱふぱふ(wiki)|かまくらぱふぱふ(wiki)	mt_unverified
15	general	popsicle in mouth	口にアイスキャンディー	mt_unverified	口にアイスキャンディー		アイスキャンディー口(tagpair)|口にアイスキャンディー(mt)|咥えアイス(wiki)|アイスキャンディー(tagpair)	mt_unverified
15	general	heart print	ハート柄	mt_unverified	ハート柄		ハート柄(wiki)|ハート模様(tagpair)	mt_unverified
15	general	grey thighhighs	グレーのニーハイ	mt_unverified	グレーのニーハイ		灰色膝上タイツ(tagpair)|灰色膝上ストッキング(tagpair)|グレーのニーハイ(mt)	mt_unverified
15	general	tribadism	スクラール行為	mt_unverified	スクラール行為	磨豆腐	貝合わせ(wiki)|スクラール行為(mt)|磨豆腐(wiki)	mt_unverified
15	general	single kneehigh	片膝ニーハイ	mt_unverified	片膝ニーハイ		片足ソックス(wiki)|片膝ソックス(tagpair)|片膝丈ソックス(tagpair)|片膝ニーハイ(mt)	mt_unverified
15	general	flipped hair	逆立った髪	mt_unverified	逆立った髪	外はね	逆立った髪(mt)|外ハネ(wiki)|外はね(wiki)	mt_unverified
15	general	gym shorts	トレーニングショーツ	mt_unverified	トレーニングショーツ		ジム用ショートパンツ(tagpair)|トレーニングショーツ(mt)|ジムショーツ(tagpair)	mt_unverified
15	general	matsumoto minori (minagi kou)	松本みのり（みなぎこう）	mt_unverified	松本みのり（みなぎこう）		松本みのり（みなぎこう）(mt)	sentence-like;mt_unverified
15	general	excessive cum	過剰な精液	mt_unverified	過剰な精液	大量挟射	過剰な精液(mt)|大量射精(wiki)|大量挟射(wiki)	mt_unverified
15	general	beanie	ビーニー	mt_unverified	ビーニー	ビーニー帽|保暖帽	ビーニー(wiki)|ビーニー帽(wiki)|保暖帽(wiki)	mt_unverified
15	general	blue thighhighs	青いニーハイ	mt_unverified	青いニーハイ		青いニーハイ(mt)|青い膝上ストッキング(tagpair)|青い膝丈ストッキング(tagpair)	mt_unverified
15	general	fake phone screenshot	偽のスマホスクリーンショット	mt_verified	偽のスマホスクリーンショット		偽のスマホスクリーンショット(mt)|閉じ込めてみた(wiki)	sentence-like
15	general	penis to breast	ペニスから胸へ	mt_unverified	ペニスから胸へ		ペニスから胸へ(mt)|乳首ズリ(wiki)	mt_unverified
15	general	grey gloves	グレーの手袋	mt_unverified	グレーの手袋	灰色手套	灰色の手袋(tagpair)|グレーの手袋(mt)	mt_unverified
15	general	black cape	黒いマント	mt_unverified	黒いマント		黒マント(tagpair)|黒いマント(tagpair)	mt_unverified
15	general	crime prevention buzzer	犯罪防止ベル	mt_unverified	犯罪防止ベル		犯罪防止ベル(mt)|防犯ブザー(wiki)	mt_unverified
15	general	red headwear	赤い頭装飾	mt_unverified	赤い頭装飾		赤い帽子(tagpair)|赤い頭飾り(tagpair)|赤い頭装飾(mt)	mt_unverified
15	general	reverse fellatio	逆フェラチオ	mt_unverified	逆フェラチオ	倒置口交	逆さフェラ(wiki)|逆フェラチオ(mt)|倒置口交(wiki)	mt_unverified
15	general	pokephilia	ポケフィリア	mt_unverified	ポケフィリア	サナユウ|ポケモン×人間|人間♂×ポケモン♀	ポケ姦(wiki)|サナユウ(wiki)|ポケモン×人間(wiki)|ポケフィリア(mt)	mt_unverified
15	general	3koma	3コマ	mt_unverified	3コマ	三格漫画|3格漫画	3コマ(wiki)|三格漫画(wiki)|3格漫画(wiki)	mt_unverified
15	general	crossdressing	男装女形	mt_unverified	男装女形	女装男子	男装女形(mt)|異性装(wiki)|女装男子(wiki)|男装(tagpair)|女装(tagpair)	mt_unverified
15	general	tokiwa taichi	時輪太一	mt_unverified	時輪太一		時輪太一(mt)	mt_unverified
15	general	braided sidelock	編み込みのサイドポニーテール	mt_unverified	編み込みのサイドポニーテール		編み込みのサイドポニーテール(mt)|編み込みサイドテール(tagpair)|編み込みサイドロック(tagpair)	sentence-like;mt_unverified
14	general	stomach tattoo	お腹のタトゥー	mt_unverified	お腹のタトゥー		腹部のタトゥー(tagpair)|お腹のタトゥー(mt)	mt_unverified
14	general	floral print kimono	花柄の着物	mt_unverified	花柄の着物		花柄の着物(tagpair)|花柄着物(tagpair)	mt_unverified
14	general	oversized clothes	大きすぎる服	mt_unverified	大きすぎる服	だぼだぼ	大きすぎる服(mt)|ぶかぶか(wiki)|だぼだぼ(wiki)	mt_unverified
14	general	platform footwear	プラットフォームシューズ	mt_unverified	プラットフォームシューズ	厚底靴	プラットフォームシューズ(mt)|厚底(wiki)|厚底靴(wiki)	sentence-like;mt_unverified
14	general	sarong	サロン	mt_unverified	サロン	パレオビキニ	パレオ(wiki)|パレオビキニ(wiki)|サロン(mt)	mt_unverified
14	general	smoke	煙	mt_verified	煙		煙(wiki)	han-outside-inventory
14	general	book stack	本の山	mt_unverified	本の山		本の山(wiki)	mt_unverified
14	general	untied bikini top	緩んだビキニトップ	mt_unverified	緩んだビキニトップ		未結のビキニトップ(tagpair)|結ばれていないビキニトップ(tagpair)|緩んだビキニトップ(mt)	mt_unverified
14	general	asymmetrical horns	非対称な角	mt_unverified	非対称な角		非対称な角(tagpair)|不対称な角(tagpair)	mt_unverified
14	general	hand in own panties	自分のパンティを差し出す	mt_unverified	自分のパンティを差し出す		自分のパンティを差し出す(mt)|自分のパンツに手を入れる(tagpair)|自分のパンツに手を突っ込む(tagpair)	sentence-like;mt_unverified
14	general	hand in another's panties	他人のパンティを渡す	mt_unverified	他人のパンティを渡す		他人のパンティを渡す(mt)|他人の下着に手を(tagpair)|他人の下着に手を入れる(tagpair)	mt_unverified
14	general	bun cover	髪型カバー	mt_unverified	髪型カバー		髪型カバー(mt)|髪飾り(tagpair)|バレッタ(tagpair)	mt_unverified
14	general	star in eye	目に入る星	mt_unverified	目に入る星		星の目(tagpair)|目に入る星(mt)	mt_unverified
14	general	smoking	喫煙	mt_verified	喫煙	煙草|喫煙	喫煙(wiki)|くわえタバコ(wiki)|煙草(wiki)	han-outside-inventory
14	general	frilled panties	フリル付きパンティー	mt_unverified	フリル付きパンティー		フリル付きパンティー(mt)|フリルパンツ(tagpair)|フリル付き下着(tagpair)	mt_unverified
14	general	female pov	女性視点	mt_unverified	女性視点	谷間本人視点	女性視点(mt)|女性主観視点(wiki)|谷間本人視点(wiki)	mt_unverified
14	general	blue serafuku	青い制服	mt_unverified	青い制服		青い制服(mt)|青いセーラー服(tagpair)	mt_unverified
14	general	cooperative pussyjob	協力的なオナニー奉仕	mt_unverified	協力的なオナニー奉仕		協力的なオナニー奉仕(mt)|W素股(wiki)	mt_unverified
14	general	shorts aside	ショートパンツを除く	mt_unverified	ショートパンツを除く		ショートパンツ(tagpair)|ショートパンツ姿(tagpair)|ショートパンツを除く(mt)	mt_unverified
14	general	perpendicular paizuri	垂直パイズリ	mt_unverified	垂直パイズリ	垂直乳交	縦パイズリ(wiki)|垂直パイズリ(mt)|垂直乳交(wiki)	mt_unverified
14	general	nursing handjob	看護師のハンドジョブ	mt_unverified	看護師のハンドジョブ	哺乳手淫	授乳手コキ(wiki)|看護師のハンドジョブ(mt)	mt_unverified
14	general	two-tone ribbon	二色リボン	mt_unverified	二色リボン		二色リボン(tagpair)|二色のリボン(tagpair)	mt_unverified
14	general	blunt tresses	太いストレートヘア	mt_unverified	太いストレートヘア		無造作な髪(tagpair)|無造作な髪形(tagpair)|太いストレートヘア(mt)	mt_unverified
14	general	tress ribbon	リボンの髪飾り	mt_unverified	リボンの髪飾り		髪のリボン(tagpair)|髪飾りリボン(tagpair)|リボンの髪飾り(mt)	mt_unverified
14	general	two-footed footjob	二足でのフットジョブ	mt_unverified	二足でのフットジョブ		二足でのフットジョブ(mt)|両足でのフェラチオ(tagpair)|両足でのフットジョブ(tagpair)	mt_unverified
14	general	flower knot	花の結び目	mt_unverified	花の結び目		花結び(tagpair)|花の結び目(mt)|花結びリボン(tagpair)	mt_unverified
14	general	hair stick	髪留め	mt_unverified	髪留め		髪留め(mt)	mt_unverified
14	general	pinstripe pattern	縞模様	mt_unverified	縞模様		ピンストライプ柄(tagpair)|縞模様(mt)|ピンストライプ(tagpair)	han-outside-inventory;mt_unverified
14	general	impossible clothes	あり得ない服装	mt_unverified	あり得ない服装		あり得ない服装(mt)|乳袋(wiki)	mt_unverified
14	general	presenting ass	お尻を見せる	mt_unverified	お尻を見せる		お尻を見せる(mt)	morpheme-family;mt_unverified
14	general	cum on back	背中に中出し	mt_unverified	背中に中出し	背上的精液	背中に精液(tagpair)|背中に精子(tagpair)|背中に中出し(mt)|背上的精液(wiki)|背射(wiki)	mt_unverified
14	general	wrists tied together	手首を繋げられて	mt_unverified	手首を繋げられて		手首を繋げられて(mt)	mt_unverified
14	general	breast focus	巨乳フォーカス	mt_verified	巨乳フォーカス		巨乳フォーカス(mt)|バストアップ(tagpair)|胸部特写(wiki)|胸強調(tagpair)	injected-word
14	general	hands on own ass	自分のお尻に手を当てる	mt_unverified	自分のお尻に手を当てる		自分の尻に手を当てる(tagpair)|自分のお尻に手を当てる(mt)	morpheme-family;mt_unverified
14	general	gen 7 pokemon	第7世代のポケモン	mt_unverified	第7世代のポケモン		第7世代のポケモン(mt)	mt_unverified
14	general	yellow necktie	黄色いネクタイ	mt_unverified	黄色いネクタイ		黄色のネクタイ(tagpair)|黄色いネクタイ(tagpair)	mt_unverified
14	general	pointy breasts	巨乳	mt_unverified	巨乳	長乳	巨乳(mt)|長乳(wiki)|ロケットおっぱい(wiki)	injected-word;mt_unverified
14	general	crotchless pantyhose	股間が見えないニーハイ	mt_unverified	股間が見えないニーハイ		股なしパンスト(tagpair)|股間が見えないニーハイ(mt)	mt_unverified
14	general	hand on own crotch	自分の股間に手を当てる	mt_unverified	自分の股間に手を当てる		自分の股間(tagpair)|自分の股間を持つ(tagpair)|自分の股間に手を当てる(mt)	mt_unverified
14	general	grabbing	掴む	mt_unverified	掴む		掴む行為(tagpair)|鷲掴み(wiki)|掴む(tagpair)	mt_unverified
14	general	body blush	顔の赤み	mt_unverified	顔の赤み		体の赤面(tagpair)|体の赤み(tagpair)|顔の赤み(mt)	mt_unverified
14	general	gen 3 pokemon	第3世代のポケモン	mt_unverified	第3世代のポケモン		第3世代のポケモン(mt)	mt_unverified
14	general	brown legwear	茶色の脚衣	mt_unverified	茶色の脚衣		茶色いレ(tagpair)|茶色い靴下(tagpair)|茶色いパンスト(tagpair)|茶色の脚衣(mt)	mt_unverified
14	general	red cape	赤いマント	mt_unverified	赤いマント		赤いマント(mt)	mt_unverified
14	general	oral invitation	口頭での招待	mt_unverified	口頭での招待	舌射待ち|舌は性器	口頭での招待(mt)|顔射待ち(wiki)|舌射待ち(wiki)|舌は性器(wiki)	mt_unverified
14	general	snot	鼻水	mt_unverified	鼻水		鼻水(wiki)	mt_unverified
14	general	diagonal bangs	斜め前髪	mt_unverified	斜め前髪		斜め前髪(tagpair)|斜めバング(tagpair)	mt_unverified
14	general	kinomiya ageha	木宮あげは	mt_unverified	木宮あげは		木宮あげは(mt)	mt_unverified
14	general	grey skin	灰色の肌	mt_unverified	灰色の肌		灰色の肌(tagpair)|灰色肌(tagpair)	mt_unverified
14	general	girthy penis	太いペニス	mt_unverified	太いペニス		太い陰茎(tagpair)|太いペニス(tagpair)	mt_unverified
14	general	jaggy lines	ギザギザの線	mt_unverified	ギザギザの線		バイナリペン(wiki)|ギザギザの線(mt)	mt_unverified
14	general	parfait (gachigachi)	パフェ（ガチガチ）	mt_unverified	パフェ（ガチガチ）		パフェちゃん(tagpair)|パフェ（ガチガチ）(mt)	mt_unverified
13	general	hands on own knees	膝の上に手を置く	mt_unverified	膝の上に手を置く		膝に手を置く(tagpair)|膝の上に手を置く(mt)	mt_unverified
13	general	nipple rub	乳首マッサージ	mt_unverified	乳首マッサージ	乳首カリカリ|乳首責め騎乗位	乳首責め(wiki)|乳首カリカリ(wiki)|乳首マッサージ(mt)|乳頭愛撫(tagpair)|乳首責め騎乗位(wiki)	mt_unverified
13	general	cropped torso	トップスのみ	mt_unverified	トップスのみ		切り取られた胴体(tagpair)|切り取られた上半身(tagpair)|トップスのみ(mt)|下身裁切(wiki)	mt_unverified
13	general	police hat	警察帽	mt_unverified	警察帽		警察帽(mt)|警帽(wiki)	mt_unverified
13	general	fur-trimmed dress	毛皮のトリムが付いたドレス	mt_unverified	毛皮のトリムが付いたドレス		毛皮縁取りドレス(tagpair)|毛皮縁取りのドレス(tagpair)|毛皮のトリムが付いたドレス(mt)	sentence-like;mt_unverified
13	general	holding shower head	シャワーヘッドを持つ	mt_unverified	シャワーヘッドを持つ		シャワーヘッドを持つ(tagpair)|シャワーヘッドを持つ手(tagpair)	mt_unverified
13	general	arm rest	肘掛け	mt_unverified	肘掛け		腕置き(tagpair)|肘掛け(mt)	mt_unverified
13	general	holding own skirt	スカートを押さえつける	mt_unverified	スカートを押さえつける		スカートを押さえつける(mt)	mt_unverified
13	general	mark under eye	目の下のクマ	mt_unverified	目の下のクマ		目の下のほくろ(tagpair)|目の下の斑点(tagpair)|目の下のクマ(mt)	mt_unverified
13	general	foot up	足を上げる	mt_unverified	足を上げる		片足上げ(wiki)|足上げ(tagpair)|足を上げる(mt)|足上げポーズ(tagpair)	mt_unverified
13	general	voyeur pov	覗き見視点	mt_unverified	覗き見視点		覗き見視点(mt)	mt_unverified
13	general	emphasis lines	強調線	mt_unverified	強調線		強調線(mt)|集中線(wiki)	mt_unverified
13	general	grey pantyhose	グレーのパンスト	mt_unverified	グレーのパンスト		灰色のパンスト(tagpair)|グレーのパンスト(mt)	mt_unverified
13	general	wiffle gag	ウィフルギャグ	mt_unverified	ウィフルギャグ		ウィッフルボールギャグ(tagpair)|ウィッフルボールボールギャグ(tagpair)|ウィフルギャグ(mt)|威浮球口塞(wiki)	mt_unverified
13	general	lace choker	レースのチョーカー	mt_unverified	レースのチョーカー		レース首輪(tagpair)|レースチョーカー(tagpair)|レースのチョーカー(mt)	mt_unverified
13	general	breastless clothes	巨乳でない服装	mt_unverified	巨乳でない服装		胸出し服(tagpair)|巨乳でない服装(mt)|胸出し(tagpair)|露胸服装(wiki)	injected-word;mt_unverified
13	general	striped hairband	ストライプの髪飾り	mt_unverified	ストライプの髪飾り		ストライプヘアバンド(tagpair)|ストライプの髪飾り(mt)	mt_unverified
13	general	heart ahoge	ハートあごヘ	mt_unverified	ハートあごヘ		ハートあごヘ(mt)|アホ毛がハート(wiki)	mt_unverified
13	general	holding swimsuit	水着を持つ	mt_unverified	水着を持つ		水着を持つ(mt)|水着を持っている(tagpair)	mt_unverified
13	general	footjob with legwear	ニーハイ付きフットジョブ	mt_unverified	ニーハイ付きフットジョブ		ニーハイ付きフットジョブ(mt)	sentence-like;mt_unverified
13	general	two-sided fabric	表裏両用生地	mt_unverified	表裏両用生地		表裏両用生地(mt)|裏地(wiki)	mt_unverified
13	general	lowleg panties	ローウェストパンティー	mt_unverified	ローウェストパンティー		ローサイドパンティ(tagpair)|ローライズパンツ(wiki)|ローサイドショーツ(tagpair)|ローウェストパンティー(mt)	mt_unverified
13	general	leotard under clothes	下着の中のレオタード	mt_unverified	下着の中のレオタード	レオタードアンダーパンツ	下着の中のレオタード(mt)|レオタ見せ衣装(wiki)|レオタードアンダーパンツ(wiki)	mt_unverified
13	general	hand on another's waist	他人の腰に手を置く	mt_unverified	他人の腰に手を置く		腰に手を当てる(tagpair)|他人の腰に手を置く(mt)|腰に手を回す(tagpair)	mt_unverified
13	general	drill sidelocks	サイドロックの練習	mt_unverified	サイドロックの練習		ドリルヘア(tagpair)|ドリルヘアのサイドテール(tagpair)|サイドロックの練習(mt)	mt_unverified
13	general	breast suppress	巨乳修正あり	mt_unverified	巨乳修正あり		巨乳修正あり(mt)	injected-word;mt_unverified
13	general	fine fabric emphasis	上質生地強調	mt_unverified	上質生地強調		上質生地強調(mt)|透け感(tagpair)|透け素材(tagpair)	han-outside-inventory;mt_unverified
13	general	fur-trimmed headwear	毛皮付きヘッドギア	mt_unverified	毛皮付きヘッドギア		毛皮縁取り帽子(tagpair)|毛皮の縁取り帽子(tagpair)|毛皮付きヘッドギア(mt)	mt_unverified
13	general	washing machine	洗濯機	mt_verified	洗濯機	洗濯機|洗衣機	洗濯機(wiki)|洗衣机(wiki)|洗衣機(wiki)	han-outside-inventory
13	general	lolita hairband	ロリータヘアバンド	mt_unverified	ロリータヘアバンド		ロリータリボン(tagpair)|ロリータヘアバンド(tagpair)	mt_unverified
13	general	drop-shaped pupils	滴型の瞳	mt_unverified	滴型の瞳		滴型の瞳(mt)|涙型瞳(tagpair)|涙型瞳孔(tagpair)	morpheme-family;mt_unverified
13	general	x-shaped pupils	X字型の瞳	mt_verified	X字型の瞳		X字型の瞳(mt)	morpheme-family
13	general	onee-loli	お姉ちゃんロリ	mt_unverified	お姉ちゃんロリ	ロリおね|おばロリ|ママロリ	おねロリ(wiki)|ロリおね(wiki)|おばロリ(wiki)|お姉ちゃんロリ(mt)	mt_unverified
13	general	bento	弁当	mt_unverified	弁当	おべんとう|弁当|便当	お弁当(wiki)|弁当(wiki)|おべんとう(wiki)	mt_unverified
13	general	bare hips	肩出しのヒップ	mt_unverified	肩出しのヒップ		ヒップ出し(tagpair)|肩出しのヒップ(mt)|ヒップ露出(tagpair)	mt_unverified
13	general	kirishima uniform	霧島学園の制服	mt_unverified	霧島学園の制服		霧島学園の制服(mt)	mt_unverified
13	general	mature male	大人の男性	mt_unverified	大人の男性	おじさん|オッサン|おっさん|イケオジ	オヤジ(wiki)|おじさん(wiki)|オッサン(wiki)|大人の男性(mt)	mt_unverified
13	general	projectile lactation	射出授乳	mt_unverified	射出授乳	射乳	射出授乳(mt)|射乳(wiki)	mt_unverified
13	general	paw shoes	パウシューズ	mt_unverified	パウシューズ		動物の足の靴(tagpair)|動物の足のブーツ(tagpair)|パウシューズ(mt)	mt_unverified
13	general	fur-trimmed thighhighs	毛足の長いニーハイ	mt_unverified	毛足の長いニーハイ		毛皮付き膝上ストッキング(tagpair)|毛皮付き膝上丈ストッキング(tagpair)|毛足の長いニーハイ(mt)	mt_unverified
13	general	cupping hands	手を合わせる	mt_unverified	手を合わせる		手のカップ(tagpair)|捧起手(wiki)|手を合わせる(mt)	mt_unverified
13	general	reverse nursing handjob	逆ナンパハンドサービス	mt_unverified	逆ナンパハンドサービス	乳首責め手コキ|反向哺乳手淫	逆ナンパハンドサービス(mt)|乳首舐め手コキ(wiki)|乳首責め手コキ(wiki)	mt_unverified
13	general	v arms	腕をV字に	mt_unverified	腕をV字に		腕をV字に(mt)|だっちゅーの(wiki)	mt_unverified
13	general	pregnant	妊娠中	mt_unverified	妊娠中	ボテ腹|妊これ|ロリ妊婦|妊婦	妊これ(wiki)|妊婦(tagpair)|腹ボテ(wiki)|ボテ腹(wiki)	han-outside-inventory;mt_unverified
13	general	mole on stomach	お腹のほくろ	mt_unverified	お腹のほくろ		お腹のほくろ(mt)|腹のほくろ(tagpair)	mt_unverified
13	general	sexual coaching	セクシーコーチング	mt_unverified	セクシーコーチング		セクシーコーチング(mt)|性指導(tagpair)|性教育(tagpair)	mt_unverified
13	general	striped legwear	ストライプ入りニーハイ	mt_unverified	ストライプ入りニーハイ		ストライプ入りニーハイ(mt)	mt_unverified
13	general	elbow pads	肘当て	mt_unverified	肘当て		エルボーサポーター(wiki)|肘当て(mt)	mt_unverified
13	general	mitachurl (genshin impact)	ミタチャール（原神）	mt_unverified	ミタチャール（原神）		ミタチャール（原神）(mt)	mt_unverified
13	general	kouyama momiji	小山もみじ	mt_unverified	小山もみじ		小山もみじ(mt)	mt_unverified
12	general	diagonal-striped necktie	斜めストライプのネクタイ	mt_unverified	斜めストライプのネクタイ		斜めストライプのネクタイ(tagpair)	sentence-like;mt_unverified
12	general	anus only	お尻だけ	mt_unverified	お尻だけ		お尻だけ(mt)	morpheme-family;mt_unverified
12	general	shouji	障子	mt_unverified	障子		障子(wiki)	han-outside-inventory;mt_unverified
12	general	leaning to the side	横に傾く	mt_unverified	横に傾く		横に傾く(mt)	mt_unverified
12	general	track suit	トラックスーツ	mt_unverified	トラックスーツ		トラックスーツ(mt)|ジャージ(wiki)	mt_unverified
12	general	sundress	ワンピース	mt_unverified	ワンピース	サマードレス|キャミソールワンピース	サンドレス(wiki)|サマードレス(wiki)|キャミソールワンピース(wiki)|ワンピース(mt)	mt_unverified
12	general	presenting breasts	巨乳を見せる	mt_unverified	巨乳を見せる	胸見せ|胸部展示	巨乳を見せる(mt)|乳見せ(wiki)|胸見せ(wiki)|胸部展示(wiki)	injected-word;mt_unverified
12	general	breast tattoo	巨乳タトゥー	mt_unverified	巨乳タトゥー		胸の刺青(tagpair)|胸のタトゥー(tagpair)|巨乳タトゥー(mt)	injected-word;mt_unverified
12	general	uneven horns	不均一な角	mt_unverified	不均一な角		不均一な角(tagpair)|不揃いの角(tagpair)	mt_unverified
12	general	yellow scrunchie	黄色い髪ゴム	mt_unverified	黄色い髪ゴム		黄色いシュシュ(tagpair)|黄色いヘアゴム(tagpair)|黄色い髪ゴム(mt)	mt_unverified
12	general	small sweatdrop	小さな汗粒	mt_unverified	小さな汗粒		小さな汗粒(mt)|一滴の汗(tagpair)|汗一滴(tagpair)	mt_unverified
12	general	teardrop facial mark	涙型の顔の模様	mt_unverified	涙型の顔の模様		涙型の刺青(tagpair)|涙型の顔の模様(mt)	mt_unverified
12	general	twincest	近親相姦	mt_unverified	近親相姦		双子のインセスト(tagpair)|近親相姦(mt)	mt_unverified
12	general	uwabaki	うわばき	mt_unverified	うわばき	うわばき	上履き(wiki)|うわばき(wiki)	mt_unverified
12	general	single off shoulder	肩出しの一人	mt_unverified	肩出しの一人		片方の肩出し(tagpair)|片方の肩見せ(tagpair)|肩出しの一人(mt)	mt_unverified
12	general	hip vent	ヒップ部分	mt_unverified	ヒップ部分	スリット(洋服)	ヒップカット(tagpair)|ヒップカットアウト(tagpair)|ヒップ部分(mt)|スケベスカート(wiki)|スリット(洋服)(wiki)	mt_unverified
12	general	single leg pantyhose	片脚用ニーソックス	mt_unverified	片脚用ニーソックス		片足パンスト(tagpair)|片足ストッキング(tagpair)|片脚用ニーソックス(mt)	mt_unverified
12	general	jumpsuit	ジャンプスーツ	mt_unverified	ジャンプスーツ	ジャンプスーツ|作業着|工作服	つなぎ(wiki)|ジャンプスーツ(wiki)|作業着(wiki)	mt_unverified
12	general	missing headwear	頭装飾がない	mt_unverified	頭装飾がない	帽子無し	帽子なし(wiki)|帽子無し(wiki)|頭装飾がない(mt)	mt_unverified
12	general	underbust	ウエストライン	mt_unverified	ウエストライン		コルセット(wiki)|ウエストライン(mt)	mt_unverified
12	general	cum in panties	パンティに中出し	mt_unverified	パンティに中出し		パンティに中出し(mt)|パンツ内射精(wiki)	mt_unverified
12	general	seductive gaze	誘惑的な視線	mt_unverified	誘惑的な視線		誘惑的な視線(mt)	mt_unverified
12	general	green thighhighs	緑色のニーハイ	mt_unverified	緑色のニーハイ		緑色のニーハイ(mt)|緑のサイハイソックス(tagpair)|緑のサイハイストッキング(tagpair)	mt_unverified
12	general	pokemon dppt	ポケモンDPPT	mt_unverified	ポケモンDPPT		ポケモンDPPT(mt)	mt_unverified
12	general	bandaid on thigh	太ももの絆創膏	mt_unverified	太ももの絆創膏		太ももに絆創膏(tagpair)|太ももの絆創膏(mt)|太ももにバンドエイド(tagpair)	mt_unverified
12	general	boxers	ボクサーパンツ	mt_unverified	ボクサーパンツ		ボクサーパンツ(mt)|トランクス(wiki)	mt_unverified
12	general	imprinted skin	刻印された肌	mt_unverified	刻印された肌		刻印された肌(mt)	mt_unverified
12	general	+++	+++	mt_unverified	+++		笑い声(tagpair)|笑い声記号(tagpair)|+++(mt)	mt_unverified
12	general	black slingshot swimsuit	黒いスリングショット水着	mt_unverified	黒いスリングショット水着		黒のスリングショット水着(tagpair)|黒のスリングショットスイムウェア(tagpair)|黒いスリングショット水着(mt)	sentence-like;mt_unverified
12	general	magazine (object)	雑誌	mt_unverified	雑誌		雑誌(wiki)	han-outside-inventory;mt_unverified
12	general	unzipped	ファスナーを開ける	mt_unverified	ファスナーを開ける		下ろしチャック(wiki)|ファスナーを開ける(mt)	mt_unverified
12	general	tailjob	お尻責め	mt_unverified	お尻責め		尻尾コキ(wiki)|尾コキ(tagpair)|尾でする(tagpair)|お尻責め(mt)	morpheme-family;mt_unverified
12	general	condom left inside	中にコンドームが残っている	mt_unverified	中にコンドームが残っている	避孕套残留	中にコンドームが残っている(mt)|ゴム残し(wiki)	sentence-like;mt_unverified
12	general	hand on another's hip	他人の腰に手を置く	mt_unverified	他人の腰に手を置く		腰に手を当てる(tagpair)|他人の腰に手を置く(mt)|腰に手を回す(tagpair)	mt_unverified
12	general	head wreath	頭の花輪	mt_unverified	頭の花輪		頭の花輪(mt)|花冠(wiki)	mt_unverified
12	general	sideless outfit	肩出しの服	mt_unverified	肩出しの服	サイドカットチャイナドレス|サイドオープンチャイナドレス|側面全裸	サイドオープン(wiki)|サイドカットチャイナドレス(wiki)|サイドオープンチャイナドレス(wiki)|肩出しの服(mt)	mt_unverified
12	general	alternate breast size (smaller)	胸のサイズ変更（小）	mt_unverified	胸のサイズ変更（小）		胸のサイズ変更（小）(mt)|貧乳化(wiki)	mt_unverified
12	general	multi-strapped bikini	多帯ビキニ	mt_unverified	多帯ビキニ		多帯ビキニ(mt)|多ストラップビキニトップ(tagpair)|多ストラップビキニボトム(tagpair)	mt_unverified
12	general	two-tone dress	二色のドレス	mt_unverified	二色のドレス		二色ドレス(tagpair)|二色ワンピース(tagpair)|二色のドレス(mt)	mt_unverified
12	general	holding lollipop	ラムネを持つ	mt_unverified	ラムネを持つ		ラムネを持つ(mt)|ロリポップ(tagpair)|ロリポップを持つ(tagpair)	mt_unverified
12	general	star print	星柄	mt_unverified	星柄	星柄	星柄(wiki)|星柄パンツ(wiki)	mt_unverified
12	general	obese	太った	mt_unverified	太った	肥満化	男の肥満化(wiki)|太った(mt)	mt_unverified
12	general	breast hold	巨乳ホールド	mt_verified	巨乳ホールド		巨乳ホールド(mt)|胸持ち(tagpair)|両腕で胸を支える(tagpair)	injected-word
12	general	guided breast grab	誘導された胸掴み	mt_unverified	誘導された胸掴み		セルフ胸タッチ(wiki)|誘導された胸掴み(mt)	mt_unverified
12	general	blue horns	青い角	mt_unverified	青い角		青い角(tagpair)	mt_unverified
12	general	grabbing another's thighs	他人のニーハイを掴む	mt_unverified	他人のニーハイを掴む		他人のニーハイを掴む(mt)	mt_unverified
12	general	muscular female	筋肉質な女の子1人	mt_unverified	筋肉質な女の子1人	筋肉娘|筋肉女|肌肉女|筋肉女子	筋肉質な女の子1人(mt)|筋肉女(wiki)|筋肉女子(tagpair)|メフレックス(wiki)|筋肉娘(wiki)	mt_unverified
12	general	anal fluid	肛液	mt_unverified	肛液			han-outside-inventory;mt_unverified
12	general	upturned eyes	上向きの目	mt_unverified	上向きの目	上目づかい|上目	上向きの目(mt)|上目遣い(wiki)|上目づかい(wiki)|上目(wiki)	mt_unverified
12	general	mustache	口ひげ	mt_unverified	口ひげ	胡子|口髭	口ひげ(wiki)|胡子(wiki)|口髭(wiki)	mt_unverified
12	general	doll joints	人形の関節	mt_unverified	人形の関節	人形娘|球体関節|球体関節人形	人形(wiki)|人形の関節(mt)|球体関節(wiki)|人形娘(wiki)	mt_unverified
12	general	covered penetration	遮られた挿入	mt_unverified	遮られた挿入	これ絶対入ってるよね	騎乗位カーテン(wiki)|これ絶対入ってるよね(wiki)|遮られた挿入(mt)	mt_unverified
12	general	plap	プラップ	mt_unverified	プラップ		セックス音(tagpair)|セックス音効果(tagpair)|プラップ(mt)	mt_unverified
12	general	kuma (dohna dohna)	クマ（どんなどんな）	mt_unverified	クマ（どんなどんな）		クマ（どんなどんな）(mt)	mt_unverified
12	general	allial (coefont)	アライアル（係数）	mt_unverified	アライアル（係数）		アリアル(tagpair)|アライアル（係数）(mt)	mt_unverified
12	general	pale colors	淡い色合い	mt_unverified	淡い色合い		淡い色合い(mt)	mt_unverified
11	general	aqua bra	アクアブラジャー	mt_unverified	アクアブラジャー		アクアブルー下着(tagpair)|アクアブラ(tagpair)|アクアブラジャー(mt)	mt_unverified
11	general	see-through legwear	透ける脚衣	mt_unverified	透ける脚衣		透ける服(tagpair)|透け透けの服(tagpair)|透ける脚衣(mt)	mt_unverified
11	general	facing another	向かい合っているもう一人	mt_unverified	向かい合っているもう一人		向かい合っているもう一人(mt)|向かい合う目閉じる(tagpair)|向かい合う(tagpair)	sentence-like;mt_unverified
11	general	hands on own stomach	お腹に手を当てる	mt_unverified	お腹に手を当てる		自分の腹に手を当てる(tagpair)|お腹に手を当てる(mt)	mt_unverified
11	general	chromatic aberration	色収差	mt_verified	色収差	色差|色収差	色収差(wiki)|色散(wiki)|色差(wiki)	han-outside-inventory
11	general	crowd	群衆	mt_verified	群衆	人群	群衆(wiki)|人群(wiki)	han-outside-inventory
11	general	shark hood	シャークフード	mt_unverified	シャークフード		サメフード(tagpair)|サメパーカー(tagpair)|シャークフード(mt)	mt_unverified
11	general	knees out of frame	膝が画面外	mt_unverified	膝が画面外		膝がフレーム外(tagpair)|膝が画面外(mt)	mt_unverified
11	general	presenting removed panties	取り除かれたパンティーを提示	mt_unverified	取り除かれたパンティーを提示		取り除かれたパンティーを提示(mt)|パンツであやとり(wiki)	sentence-like;mt_unverified
11	general	banknote	紙幣	mt_unverified	紙幣	紙幣|札束	お札(wiki)|札束(wiki)	han-outside-inventory;mt_unverified
11	general	hand on glass	ガラスに手を置く	mt_unverified	ガラスに手を置く		ガラスに手を置く(tagpair)|ガラスに手を添える(tagpair)	mt_unverified
11	general	puff of air	風の吹き出し	mt_unverified	風の吹き出し		フンス(wiki)|風の吹き出し(mt)	mt_unverified
11	general	hand on another's neck	他人の首に手を回す	mt_unverified	他人の首に手を回す		首に手を置く(tagpair)|首に手を添える(tagpair)|他人の首に手を回す(mt)	mt_unverified
11	general	two-tone skirt	二色スカート	mt_unverified	二色スカート		二色スカート(tagpair)	mt_unverified
11	general	single detached sleeve	片袖	mt_unverified	片袖		片袖(tagpair)|片袖服(tagpair)	mt_unverified
11	general	fur-trimmed coat	毛皮のトリムが付いたコート	mt_unverified	毛皮のトリムが付いたコート		毛皮縁取りのコート(tagpair)|毛皮のトリムが付いたコート(mt)	sentence-like;mt_unverified
11	general	library	図書館	mt_verified	図書館	図書室	図書館(wiki)|図書室(wiki)	han-outside-inventory
11	general	faceless female	顔のない女の子1人	mt_unverified	顔のない女の子1人		顔なし女性(tagpair)|顔のない女の子1人(mt)|顔が見えない女性(tagpair)	mt_unverified
11	general	bandaid on arm	腕の絆創膏	mt_unverified	腕の絆創膏		腕の絆創膏(tagpair)|腕のバンドエイド(tagpair)	mt_unverified
11	general	wind lift	ウィンドリフト	mt_unverified	ウィンドリフト	風の悪戯|風のいたずら|モンロー効果	風の悪戯(wiki)|風のいたずら(wiki)|ウィンドリフト(mt)|風チラ(wiki)	mt_unverified
11	general	hand in another's hair	他人の髪を触る	mt_unverified	他人の髪を触る		髪に触れる手(tagpair)|髪に手を入れる(tagpair)|他人の髪を触る(mt)	mt_unverified
11	general	unworn socks	未使用の靴下	mt_unverified	未使用の靴下		未使用の靴下(mt)|未着用靴下(tagpair)|靴下未着用(tagpair)	mt_unverified
11	general	untied bikini bottom	緩んだビキニの下部分	mt_unverified	緩んだビキニの下部分		緩んだビキニの下部分(mt)	mt_unverified
11	general	three-quarter sleeves	七分袖	mt_unverified	七分袖	七分丈	七分袖(wiki)|七分丈(wiki)	mt_unverified
11	general	material growth	物理的成長	mt_unverified	物理的成長		物理的成長(mt)|異物成長(tagpair)|異物成長体(tagpair)	mt_unverified
11	general	black buruma	黒いブルマ	mt_unverified	黒いブルマ		黒ブルマ(wiki)|黒いブルマ(mt)	mt_unverified
11	general	hair up	髪をまとめる	mt_unverified	髪をまとめる		髪をまとめる(mt)	mt_unverified
11	general	adjusting eyewear	眼鏡の調整	mt_unverified	眼鏡の調整	メガネクイッ	眼鏡の調整(mt)|眼鏡に手(wiki)|メガネクイッ(wiki)	mt_unverified
11	general	chest of drawers	タンス	mt_unverified	タンス	ドレッサー	たんす(wiki)|ドレッサー(wiki)|タンス(mt)	mt_unverified
11	general	puffy pussy	膨らんだおまんこ	mt_unverified	膨らんだおまんこ		膨らんだおまんこ(mt)	mt_unverified
11	general	chopsticks	箸	mt_verified	箸		箸(wiki)	han-outside-inventory
11	general	ring piercing	ピアス	mt_unverified	ピアス		ピアス(mt)	mt_unverified
11	general	pee stain	おしっこのシミ	mt_unverified	おしっこのシミ		尿染み(tagpair)|おしっこ染み(tagpair)|おしっこのシミ(mt)	mt_unverified
11	general	juxtaposition	並置	mt_unverified	並置		スマホ差分(wiki)|並置(mt)	han-outside-inventory;mt_unverified
11	general	gen 4 pokemon	第4世代のポケモン	mt_unverified	第4世代のポケモン		第4世代のポケモン(mt)	mt_unverified
11	general	cumdrip from penis	ペニスからの精液滴	mt_unverified	ペニスからの精液滴		ペニスからの精液滴(mt)	mt_unverified
11	general	spoken zzz	話しているZZZ	mt_unverified	話しているZZZ		話しているZZZ(mt)|寝息付き(tagpair)|寝息(tagpair)	mt_unverified
11	general	notched lapels	切り込み入りの襟	mt_unverified	切り込み入りの襟		切り込み入りの襟(mt)	mt_unverified
11	general	sideless dress	肩のないドレス	mt_unverified	肩のないドレス		肩のないドレス(mt)	mt_unverified
11	general	short kimono	ショートケイミョウ	mt_unverified	ショートケイミョウ		ミニ着物(wiki)|ショートケイミョウ(mt)	mt_unverified
11	general	spread navel	お腹を広げる	mt_unverified	お腹を広げる		おへそくぱぁ(wiki)|お腹を広げる(mt)	mt_unverified
11	general	clothed female nude female	服を着た女性 裸の女性	mt_unverified	服を着た女性 裸の女性		服を着た女性 裸の女性(mt)	mt_unverified
11	general	hymen	処女膜	mt_unverified	処女膜			han-outside-inventory;mt_unverified
11	general	puckered lips	引き結ばれた唇	mt_unverified	引き結ばれた唇		すぼめた唇(tagpair)|引き結ばれた唇(mt)|すぼめた口(tagpair)	mt_unverified
11	general	male penetrated	男性に挿入される	mt_unverified	男性に挿入される		男性挿入(tagpair)|男性受け(tagpair)|男性に挿入される(mt)	mt_unverified
11	general	arms around neck	首に腕を回す	mt_unverified	首に腕を回す		首に腕を回す抱きしめ(tagpair)|首に腕を回す(tagpair)	mt_unverified
11	general	furry male	毛深い男性	mt_unverified	毛深い男性	オスケモ|ケモホモ|ケモショタ|獣人	ケモノ(wiki)|オスケモ(wiki)|ケモホモ(wiki)|ケモショタ(tagpair)|毛深い男性(mt)	mt_unverified
11	general	defeat	敗北	mt_verified	敗北	戦いに疲れたようだな。|全滅|敗北	敗北(mt)|全滅フラグ(wiki)|戦いに疲れたようだな。(wiki)|全滅(wiki)	han-outside-inventory
11	general	\||/	\||/	mt_unverified	\||/		手の形(tagpair)|手のジェスチャー(tagpair)|\||/(mt)	mt_unverified
11	general	choke hold	絞め殺し	mt_unverified	絞め殺し	絞技	チョークスリーパー(wiki)|絞め殺し(mt)|絞技(wiki)	mt_unverified
11	general	planted	固定された	mt_unverified	固定された		刺さった(tagpair)|刺さっている(tagpair)|固定された(mt)	mt_unverified
11	general	grey bow	灰色のリボン	mt_unverified	灰色のリボン		灰色のリボン(tagpair)	mt_unverified
11	general	hair ears	髪の耳	mt_unverified	髪の耳		髪の耳(mt)	mt_unverified
11	general	hodaka fuuko	穂高ふう子	mt_unverified	穂高ふう子		穂高ふう子(mt)	mt_unverified
11	general	yanagi touji	柳藤次	mt_unverified	柳藤次		柳藤次(mt)	mt_unverified
11	general	nami (one piece) (return to sabaody)	ナミ（ワンピース）（サバオディ島へ戻る）	mt_unverified	ナミ（ワンピース）（サバオディ島へ戻る）		ナミ（ワンピース）（サバオディ島へ戻る）(mt)	sentence-like;mt_unverified
11	general	cum on armpits	脇に精液	mt_unverified	脇に精液		腋に射精(tagpair)|脇に精液(mt)|腋下精液(wiki)|腋射(tagpair)	mt_unverified
10	general	aqua shirt	水色のシャツ	mt_unverified	水色のシャツ		水色シャツ(wiki)|水色のシャツ(mt)	mt_unverified
10	general	rug	ラグ	mt_unverified	ラグ		ラグ(tagpair)|地毯(小)(wiki)|絨毯(tagpair)	mt_unverified
10	general	dry humping	乾いたフンパング	mt_unverified	乾いたフンパング	交尾ごっこ	乾いたフンパング(mt)|レズパコ(wiki)|交尾ごっこ(wiki)|着衣性交(tagpair)|着衣性行為(tagpair)	mt_unverified
10	general	flat ass	平らなお尻	mt_unverified	平らなお尻		平坦な尻(tagpair)|平らな尻(tagpair)|平らなお尻(mt)	morpheme-family;mt_unverified
10	general	ringlets	カールヘア	mt_unverified	カールヘア		縦ロール(wiki)|カールヘア(mt)	mt_unverified
10	general	crossed ankles	足首を交差させる	mt_unverified	足首を交差させる		交差した足首(tagpair)|交差したアンクル(tagpair)|足首を交差させる(mt)	mt_unverified
10	general	sake bottle	酒瓶	mt_unverified	酒瓶	一升瓶	酒瓶(wiki)	han-outside-inventory;mt_unverified
10	general	cow ear hairband	牛耳のヘアバンド	mt_unverified	牛耳のヘアバンド		牛耳のヘアバンド(mt)	mt_unverified
10	general	white shrug	白いショルダーバッグ	mt_unverified	白いショルダーバッグ		白い肩掛け(tagpair)|白いショルダーバッグ(mt)	mt_unverified
10	general	horn hairband	角型の髪飾り	mt_unverified	角型の髪飾り		角ヘアバンド(tagpair)|角型の髪飾り(mt)	mt_unverified
10	general	bespectacled	眼鏡をかけた	mt_unverified	眼鏡をかけた	リュネット・パッチェ|東方眼鏡娘	メガネプラス(wiki)|リュネット・パッチェ(wiki)|眼鏡をかけた(mt)|東方眼鏡娘(wiki)	mt_unverified
10	general	gym storeroom	ジムの倉庫	mt_unverified	ジムの倉庫	体育館倉庫|体育用具室	ジムの倉庫(mt)|体育倉庫(wiki)|体育館倉庫(wiki)|体育用具室(wiki)	mt_unverified
10	general	flag	旗	mt_verified	旗		旗(wiki)	han-outside-inventory
10	general	lowleg bikini	脚が短いビキニ	mt_unverified	脚が短いビキニ		低ウエストビキニ(tagpair)|ローウエストビキニ(tagpair)|脚が短いビキニ(mt)|低腰比基尼(wiki)	mt_unverified
10	general	green pupils	緑色の瞳	mt_unverified	緑色の瞳		緑の瞳(tagpair)|緑色の瞳(tagpair)	morpheme-family;mt_unverified
10	general	opened by self	自分で開く	mt_unverified	自分で開く		自分で開く(mt)|自分で開ける(tagpair)|自分で開けた服(tagpair)	mt_unverified
10	general	heart-shaped eyewear	ハート型の眼鏡	mt_unverified	ハート型の眼鏡		ハート型眼鏡(tagpair)|ハート型の眼鏡(mt)|ハート型フレームの眼鏡(tagpair)	mt_unverified
10	general	holding own dress	自分の制服を握っている	mt_unverified	自分の制服を握っている		自分の制服を握っている(mt)	sentence-like;mt_unverified
10	general	bar (place)	バー	mt_unverified	バー	パブ	バー(wiki)|パブ(wiki)	mt_unverified
10	general	pokemon sv	ポケモンSV	mt_unverified	ポケモンSV		ポケモンSV(mt)|ポケットモンスタースカーレット(tagpair)|ポケットモンスターバイオレット(tagpair)	mt_unverified
10	general	wedding band	結婚指輪	mt_unverified	結婚指輪		結婚指輪(mt)	mt_unverified
10	general	tall female	背の高い女の子1人	mt_unverified	背の高い女の子1人	高身長|長身女性	背の高い女の子1人(mt)|高身長(wiki)|長身女性(wiki)|デカ女(wiki)	mt_unverified
10	general	dogeza	ドッゲザ	mt_unverified	ドッゲザ		ドッゲザ(mt)|土下座(wiki)	mt_unverified
10	general	stepped on	踏みつけられた	mt_unverified	踏みつけられた	ふみつけ|踏み付け|踏んづけ|踏みつける	踏まれる(tagpair)|踏みつけ(wiki)|ふみつけ(wiki)|踏み付け(wiki)|踏む(tagpair)	mt_unverified
10	general	blue pupils	青い瞳	mt_unverified	青い瞳		青い瞳(tagpair)|青い目(tagpair)	mt_unverified
10	general	wispy bangs	細い前髪	mt_unverified	細い前髪	シースルー前髪|シースルーバング	すだれ前髪(wiki)|隙間の多い前髪(tagpair)|隙間の多いバング(tagpair)|細い前髪(mt)|シースルー前髪(wiki)	mt_unverified
10	general	earpiece	イヤホン	mt_unverified	イヤホン		片耳イヤホン(tagpair)|片耳ヘッドセット(tagpair)|イヤホン(mt)	mt_unverified
10	general	circle facial mark	円形の顔の模様	mt_unverified	円形の顔の模様		円形顔マーク(tagpair)|顔の円形マーク(tagpair)|円形の顔の模様(mt)	mt_unverified
10	general	molestation	嫌がらせ	mt_unverified	嫌がらせ	痴漢	セクハラ(wiki)|嫌がらせ(mt)|痴漢(wiki)	mt_unverified
10	general	gold hairband	金髪の髪帯	mt_unverified	金髪の髪帯		金髪飾り(tagpair)|金髪バンド(tagpair)|金髪の髪帯(mt)	mt_unverified
10	general	single hair intake	単一の髪の毛の取り込み	mt_unverified	単一の髪の毛の取り込み		単一の髪の毛の取り込み(mt)|一本毛(tagpair)|一本毛取り(tagpair)	mt_unverified
10	general	flip-flops	サンダル	mt_unverified	サンダル		ビーチサンダル(wiki)|サンダル(mt)	mt_unverified
10	general	torn gloves	破れた手袋	mt_unverified	破れた手袋		引き裂かれた手袋(tagpair)|引き裂かれたグローブ(tagpair)|破れた手袋(mt)	mt_unverified
10	general	panty straps	パンティストラップ	mt_unverified	パンティストラップ		見せハイレグパンツ(wiki)|パンティストラップ(mt)	mt_unverified
10	general	buttjob over clothes	服の上からのアナルセックス	mt_unverified	服の上からのアナルセックス		服を着たままのアナルセックス(tagpair)|服を着たままのアナルファック(tagpair)|服の上からのアナルセックス(mt)|着衣尻コキ(wiki)	sentence-like;mt_unverified
10	general	tabi	靴	mt_unverified	靴	足袋	サイハイソックス足袋(wiki)|靴(mt)|足袋(wiki)	mt_unverified
10	general	eyewear on headwear	ヘッドギアに装着された眼鏡	mt_unverified	ヘッドギアに装着された眼鏡		ヘッドギアに装着された眼鏡(mt)|眼鏡帽子(tagpair)	sentence-like;mt_unverified
10	general	thong panties	Tバックパンティー	mt_unverified	Tバックパンティー		Tバックパンティー(mt)	mt_unverified
10	general	side ahoge	横アホゲ	mt_unverified	横アホゲ		サイドアホ毛(tagpair)|横アホゲ(mt)	mt_unverified
10	general	wringing clothes	洗濯物を絞る	mt_unverified	洗濯物を絞る		絞る(wiki)|洗濯物を絞る(mt)	mt_unverified
10	general	bursting breasts	爆乳	mt_unverified	爆乳		爆乳(mt)|ボタン飛ばし(wiki)|胸がはみ出る(tagpair)|胸が溢れ出る(tagpair)	mt_unverified
10	general	multiple others	他の複数人	mt_unverified	他の複数人		複数キャラクター(tagpair)|他の複数人(mt)|複数人キャラクター(tagpair)	mt_unverified
10	general	undercut	前下がりヘア	mt_unverified	前下がりヘア	ツーブロック	刈り上げ(wiki)|ツーブロック(wiki)|前下がりヘア(mt)	mt_unverified
10	general	toned male	筋肉質な男性	mt_unverified	筋肉質な男性		細マッチョ(wiki)|筋肉質な男性(mt)	mt_unverified
10	general	sanpaku	三色	mt_unverified	三色	三白眼|四白眼	三色(mt)|三白(wiki)|三白眼(wiki)|四白眼(wiki)	mt_unverified
10	general	scowl	不機嫌な顔	mt_unverified	不機嫌な顔	くっ、殺せ!	ニラマレ(wiki)|くっ、殺せ!(wiki)|不機嫌な顔(mt)	mt_unverified
10	general	pantyhose under shorts	ショートヘアの下のストッキング	mt_unverified	ショートヘアの下のストッキング		ショートヘアの下のストッキング(mt)|ショートパンツ(tagpair)|パンスト(tagpair)	sentence-like;mt_unverified
10	general	vertical-striped thighhighs	縦縞のニーハイ	mt_unverified	縦縞のニーハイ		縦縞のタイツ(tagpair)|縦縞のニーハイ(mt)	mt_unverified
10	general	sweaty breasts	汗ばんだ巨乳	mt_verified	汗ばんだ巨乳		汗ばんだ巨乳(mt)	injected-word
10	general	hiphighs	ニーハイ	mt_unverified	ニーハイ		ニーハイ(mt)	mt_unverified
10	general	donut hair bun	ドーナツヘアバン	mt_unverified	ドーナツヘアバン		ドーナツヘアバン(mt)	mt_unverified
10	general	tomoe (symbol)	円紋	mt_unverified	円紋		円紋(mt)|巴紋(wiki)	mt_unverified
10	general	pussy cutout	パッシカットアウト	mt_unverified	パッシカットアウト		パッシカットアウト(mt)|穴あき(tagpair)|穴あき服(tagpair)	mt_unverified
10	general	alternate hair color	別の髪色	mt_unverified	別の髪色	黒髪化	髪色チェンジ(wiki)|別の髪色(mt)|黒髪化(wiki)	mt_unverified
10	general	penis out	ペニスを露出させる	mt_unverified	ペニスを露出させる		ペニス露出(tagpair)|ペニス見え(tagpair)|ペニスを露出させる(mt)	mt_unverified
10	general	planted sword	剣を地面に突き立てた状態	mt_unverified	剣を地面に突き立てた状態		刺さった剣(tagpair)|刺さった刀(tagpair)|剣を地面に突き立てた状態(mt)	sentence-like;mt_unverified
10	general	genderswap	ジェンダースワップ	mt_unverified	ジェンダースワップ	東方ショタ化|性轉|性転換|性轉換	ショタ化(wiki)|東方ショタ化(wiki)|ジェンダースワップ(mt)|性転換(tagpair)|性別逆転(tagpair)	mt_unverified
10	general	volleyball (object)	バレーボール	mt_unverified	バレーボール		バレーボール(wiki)	mt_unverified
10	general	milking machine	搾乳機	mt_unverified	搾乳機	母乳リュックサック|搾乳機	母乳リュックサック(wiki)|ミルカー(wiki)|搾乳機(wiki)|搾乳器(tagpair)	han-outside-inventory;mt_unverified
10	general	elena mikhailova	エレナ・ミハイロワ	mt_unverified	エレナ・ミハイロワ		エレナ・ミハイロワ(mt)	mt_unverified
10	general	mayuzumi takeru	真澄武郎	mt_unverified	真澄武郎		真澄武郎(mt)	mt_unverified
10	general	asagi yukitaka	朝霧幸隆	mt_unverified	朝霧幸隆			mt_unverified
10	general	frying pan	フライパン	mt_unverified	フライパン		フライパン(wiki)	mt_unverified
