{
  "npz": "bench/dcw/results/20260504-1010-transfer-hyp/gaps_per_sample.npz",
  "n_steps": 24,
  "sigmas": [
    1.0,
    0.9583333134651184,
    0.9166666865348816,
    0.875,
    0.8333333134651184,
    0.7916666865348816,
    0.75,
    0.7083333134651184,
    0.6666666269302368,
    0.625,
    0.5833333134651184,
    0.5416666269302368,
    0.5,
    0.4583333432674408,
    0.4166666865348816,
    0.375,
    0.3333333432674408,
    0.2916666865348816,
    0.25,
    0.2083333432674408,
    0.1666666716337204,
    0.125,
    0.0833333358168602,
    0.0416666679084301
  ],
  "n_seeds_assumed": 2,
  "bands": {
    "LL": {
      "n_traj": 96,
      "all": {
        "K": 12,
        "r": 0.9888827334307293,
        "ci95": [
          0.983353613644136,
          0.9925822171520343
        ],
        "n": 96
      },
      "per_seed": [
        {
          "K": 12,
          "r": 0.9911301844748399,
          "ci95": [
            0.9841449507304827,
            0.9950456293301168
          ],
          "n": 48
        },
        {
          "K": 12,
          "r": 0.9866452757968678,
          "ci95": [
            0.9761703186398667,
            0.9925330908220381
          ],
          "n": 48
        }
      ],
      "seed_avg": {
        "K": 12,
        "r": 0.9897995877420266,
        "ci95": [
          0.9817760617764726,
          0.994300722988804
        ],
        "n": 48
      },
      "avg_early_late_pair_corr": 0.9226011972298961,
      "spearman_rho": 0.9804530656538252,
      "decision_from_seed_avg_r": "v0a (online controller)",
      "decision_from_all_r": "v0a (online controller)",
      "mean_gap_per_step": [
        -0.49460887908935547,
        -8.963221867879232,
        -14.204279899597168,
        -17.854143778483074,
        -20.501736958821613,
        -21.736549695332844,
        -22.88417148590088,
        -23.975723266601562,
        -24.712082862854004,
        -25.432421684265137,
        -26.04206148783366,
        -26.32756010691325,
        -26.917110761006672,
        -27.510602633158367,
        -28.0157470703125,
        -28.71773370107015,
        -29.31422773996989,
        -30.634761810302734,
        -31.48109753926595,
        -32.96106211344401,
        -34.53566265106201,
        -37.000298817952476,
        -39.85738023122152,
        -42.78517373402914
      ],
      "std_gap_per_step": [
        6.3512942949258475,
        23.157181816500714,
        26.696501159799883,
        28.11827041709993,
        26.793077920985617,
        27.599963328271834,
        27.34692868633757,
        27.43700470722031,
        27.28363145449324,
        27.332870830678527,
        27.039446904379027,
        26.795340872338777,
        27.086985558295915,
        27.071157691552653,
        27.326765235537362,
        27.18292635002109,
        27.39487785255011,
        27.919227928831752,
        27.936577975748637,
        28.43943624599389,
        29.21422290147581,
        30.28294358903801,
        32.125542243343794,
        35.224523422550476
      ],
      "integrated_abs_mean_gap": 622.8594207763672,
      "mean_per_step_std": 27.048195807832116
    },
    "LH": {
      "n_traj": 96,
      "all": {
        "K": 12,
        "r": 0.5749162094099323,
        "ci95": [
          0.4232106306981325,
          0.6952641830953673
        ],
        "n": 96
      },
      "per_seed": [
        {
          "K": 12,
          "r": 0.647886729480442,
          "ci95": [
            0.445822135557993,
            0.7871223555739758
          ],
          "n": 48
        },
        {
          "K": 12,
          "r": 0.5282063582441839,
          "ci95": [
            0.2871707500477369,
            0.7063333136307857
          ],
          "n": 48
        }
      ],
      "seed_avg": {
        "K": 12,
        "r": 0.635437383325575,
        "ci95": [
          0.4287053552679308,
          0.7789354369958341
        ],
        "n": 48
      },
      "avg_early_late_pair_corr": 0.4560356946010882,
      "spearman_rho": 0.5709305480195334,
      "decision_from_seed_avg_r": "v0 with early-step features",
      "decision_from_all_r": "v0 with early-step features",
      "mean_gap_per_step": [
        -0.0923617680867513,
        -0.3206370671590169,
        -0.27226797739664715,
        -0.49616575241088867,
        -0.6315124829610189,
        -0.7160741488138834,
        -1.0474376678466797,
        -1.2151411374409993,
        -1.5152688026428223,
        -1.7928894360860188,
        -2.172090212504069,
        -2.5842774709065757,
        -2.978282610575358,
        -3.5694578488667807,
        -4.2414021492004395,
        -4.889505863189697,
        -5.694132169087728,
        -7.031877517700195,
        -8.292284965515137,
        -10.258281230926514,
        -12.723242918650309,
        -16.517794132232666,
        -22.410196622212727,
        -31.89785083134969
      ],
      "std_gap_per_step": [
        1.0055778389280239,
        0.9405259687750686,
        0.9840957319633787,
        1.089639132123988,
        1.1204392027307262,
        1.2722850196955906,
        1.3952490428720743,
        1.4855692142516574,
        1.5112461273945583,
        1.6038566223721646,
        1.5451391956352925,
        1.7404149946873564,
        1.8473434826065798,
        2.130641358620903,
        2.1853021508895023,
        2.3842560691737953,
        2.5406662610271664,
        2.838118865993402,
        3.40465588381439,
        4.080831744346646,
        4.719891087724044,
        6.492038483324013,
        9.326159594826125,
        15.092470588846348
      ],
      "integrated_abs_mean_gap": 143.3604327837626,
      "mean_per_step_std": 3.030683902609283
    },
    "HL": {
      "n_traj": 96,
      "all": {
        "K": 12,
        "r": 0.542822091589565,
        "ci95": [
          0.38414158412959365,
          0.6703545565247574
        ],
        "n": 96
      },
      "per_seed": [
        {
          "K": 12,
          "r": 0.5639601302458354,
          "ci95": [
            0.3332209748698714,
            0.7309645931385154
          ],
          "n": 48
        },
        {
          "K": 12,
          "r": 0.5312556116857241,
          "ci95": [
            0.29105515100490603,
            0.7084509478322591
          ],
          "n": 48
        }
      ],
      "seed_avg": {
        "K": 12,
        "r": 0.5292431882049754,
        "ci95": [
          0.2884906642083822,
          0.7070537253556558
        ],
        "n": 48
      },
      "avg_early_late_pair_corr": 0.4491468617547276,
      "spearman_rho": 0.519628323385784,
      "decision_from_seed_avg_r": "v0 with early-step features",
      "decision_from_all_r": "v0 with early-step features",
      "mean_gap_per_step": [
        -0.061614990234375,
        0.12945238749186197,
        -0.06548150380452473,
        -0.35436757405598956,
        -0.5447996457417806,
        -0.6600701014200846,
        -1.119534969329834,
        -1.2436847686767578,
        -1.8270076115926106,
        -2.084711233774821,
        -2.6132168769836426,
        -2.9767905871073403,
        -3.435225009918213,
        -4.0488816897074384,
        -4.502212842305501,
        -5.379341284434001,
        -6.190587043762207,
        -7.362686634063721,
        -8.637275695800781,
        -10.52114470799764,
        -12.800167083740234,
        -16.592300256093342,
        -22.47098954518636,
        -32.141576290130615
      ],